,TGA,RRP,RESERVE_BALANCE,TEDRATE,CP_30D_AA,FED_FUNDS,SOFR,VIX,HY_OAS,IG_OAS,SP500
2014-01-01,105104.0,,2374633.0,,,0.07,,,,,
2014-01-08,119258.0,43.545,2453039.0,0.19,0.04,0.07,,12.87,3.87,1.25,
2014-01-15,80022.0,46.752,2527883.0,0.2,0.05,0.07,,12.28,3.87,1.23,
2014-01-22,77798.0,93.711,2522890.0,0.2,0.04,0.07,,12.84,3.82,1.22,
2014-01-29,89337.0,94.276,2519198.0,0.2,0.06,0.07,,17.35,4.15,1.28,
2014-02-05,80081.0,100.382,2542276.0,0.17,0.06,0.07,,19.95,4.28,1.31,
2014-02-12,36410.0,94.026,2589669.0,0.19,0.06,0.07,,14.3,4.01,1.26,
2014-02-19,41184.0,83.299,2616352.0,0.17,0.05,0.07,,15.5,3.95,1.24,
2014-02-26,46704.0,130.111,2599898.0,0.18,0.05,0.07,,14.35,3.84,1.23,
2014-03-05,45394.0,76.183,2629608.0,0.17,0.06,0.08,,13.89,3.78,1.22,
2014-03-12,56141.0,66.2,2652021.0,0.18,0.07,0.08,,14.47,3.87,1.23,
2014-03-19,88345.0,76.145,2644893.0,0.17,0.06,0.08,,15.12,3.74,1.21,
2014-03-26,102040.0,101.944,2612237.0,0.18,0.06,0.08,,14.93,3.75,1.19,
2014-04-02,96163.0,106.045,2581373.0,0.21,0.06,0.09,,13.09,3.66,1.16,
2014-04-09,62436.0,89.023,2684341.0,0.19,0.05,0.08,,13.82,3.74,1.15,
2014-04-16,65457.0,71.744,2724744.0,0.19,0.05,0.09,,14.18,3.73,1.15,
2014-04-23,111394.0,147.951,2641132.0,0.21,0.06,0.1,,13.27,3.68,1.13,
2014-04-30,84126.0,208.222,2609418.0,0.19,0.05,0.09,,13.41,3.71,1.14,
2014-05-07,91397.0,193.706,2597621.0,0.19,0.05,0.08,,13.4,3.74,1.13,
2014-05-14,71250.0,183.187,2630836.0,0.2,0.06,0.08,,12.17,3.73,1.13,
2014-05-21,37745.0,220.722,2657729.0,0.19,0.05,0.09,,11.91,3.77,1.13,
2014-05-28,33573.0,171.269,2629199.0,0.19,0.06,0.09,,11.68,3.8,1.13,
2014-06-04,33895.0,127.401,2679071.0,0.19,0.06,0.09,,12.08,3.59,1.12,
2014-06-11,46921.0,110.875,2709510.0,0.19,0.07,0.09,,11.6,3.46,1.09,
2014-06-18,84475.0,88.388,2703925.0,0.2,0.05,0.1,,10.61,3.41,1.09,
2014-06-25,107244.0,119.673,2640303.0,0.2,0.05,0.1,,11.59,3.43,1.07,
2014-07-02,100085.0,148.492,2578697.0,0.21,0.06,0.1,,10.82,3.46,1.08,
2014-07-09,63826.0,144.921,2622832.0,0.2,0.05,0.09,,11.65,3.51,1.08,
2014-07-16,59384.0,105.841,2639685.0,0.21,0.1,0.09,,11.0,3.63,1.08,
2014-07-23,64138.0,136.74,2792302.0,0.2,0.08,0.09,,11.52,3.77,1.09,
2014-07-30,62335.0,115.757,2809004.0,0.2,0.08,0.09,,13.33,3.79,1.09,
2014-08-06,71513.0,123.782,2789330.0,0.2,0.08,0.09,,16.37,4.21,1.14,
2014-08-13,78066.0,135.622,2786792.0,0.19,0.08,0.09,,12.9,4.03,1.14,
2014-08-20,42803.0,150.444,2790174.0,0.19,0.13,0.09,,11.78,3.79,1.13,
2014-08-27,40217.0,179.845,2778794.0,0.19,0.07,0.09,,11.78,3.81,1.11,
2014-09-03,42868.0,151.016,2777409.0,0.2,0.07,0.09,,12.36,3.83,1.12,
2014-09-10,39081.0,160.299,2787045.0,0.21,0.08,0.09,,12.88,4.01,1.13,
2014-09-17,66417.0,156.936,2797996.0,0.21,0.07,0.09,,12.65,4.05,1.14,
2014-09-24,114828.0,162.317,2732580.0,0.22,0.06,0.09,,13.27,4.18,1.15,
2014-10-01,119237.0,212.481,2705717.0,0.21,0.05,0.09,,16.71,4.45,1.21,
2014-10-08,96461.0,182.531,2749347.0,0.22,0.06,0.09,,15.11,4.48,1.22,
2014-10-15,79790.0,121.915,2793290.0,0.21,0.07,0.09,,26.25,5.08,1.29,
2014-10-22,123514.0,135.424,2688613.0,0.21,0.06,0.09,,17.87,4.44,1.27,
2014-10-29,118424.0,134.69,2629809.0,0.2,0.04,0.09,,15.15,4.32,1.26,
2014-11-05,111382.0,122.9,2561062.0,0.2,0.07,0.09,,14.17,4.32,1.28,
2014-11-12,107205.0,111.681,2568099.0,0.21,0.07,0.09,,13.02,4.33,1.3,
2014-11-19,95281.0,167.377,2520171.0,0.22,0.07,0.1,,13.96,4.57,1.35,
2014-11-26,79769.0,148.284,2486574.0,0.22,0.07,0.1,,12.07,4.56,1.34,
2014-12-03,87426.0,166.328,2449444.0,0.22,0.09,0.12,,12.47,4.81,1.37,
2014-12-10,60092.0,105.322,2433138.0,0.21,0.12,0.12,,18.53,5.21,1.42,
2014-12-17,114776.0,31.783,2786907.0,0.22,0.13,0.13,,19.44,5.48,1.5,
2014-12-24,175093.0,53.237,2681801.0,0.25,0.15,0.13,,14.37,4.93,1.43,
2014-12-31,192063.0,171.12,2574784.0,0.22,0.08,0.06,,19.2,5.04,1.44,
2015-01-07,176817.0,143.749,2600598.0,0.22,0.09,0.12,,19.31,5.31,1.49,
2015-01-14,158268.0,95.4,2753903.0,0.21,0.13,0.12,,21.48,5.39,1.52,
2015-01-21,170152.0,167.769,2722392.0,0.23,0.1,0.12,,18.85,5.36,1.52,
2015-01-28,201192.0,163.553,2665153.0,0.23,0.06,0.12,,20.44,5.31,1.51,
2015-02-04,167272.0,145.65,2684263.0,0.25,0.09,0.11,,18.33,5.05,1.5,
2015-02-11,158907.0,126.752,2536607.0,0.25,0.07,0.12,,16.96,4.76,1.45,
2015-02-18,118836.0,157.273,2457419.0,0.24,0.08,0.12,,15.45,4.62,1.4,
2015-02-25,68114.0,149.75,2328963.0,0.24,0.07,0.11,,13.84,4.54,1.39,
2015-03-04,49803.0,95.1,2522095.0,0.25,0.07,0.11,,14.23,4.44,1.31,
2015-03-11,39431.0,84.389,2688257.0,0.24,0.08,0.11,,16.87,4.61,1.32,
2015-03-18,60686.0,151.424,2782935.0,0.24,0.09,0.11,,13.97,4.91,1.38,
2015-03-25,85907.0,65.389,2706627.0,0.23,0.08,0.12,,15.44,4.76,1.38,
2015-04-01,75467.0,31.623,2667344.0,0.24,0.08,0.12,,15.11,4.86,1.37,
2015-04-08,55206.0,96.443,2744497.0,0.24,0.08,0.12,,13.98,4.67,1.34,
2015-04-15,50447.0,69.829,2793314.0,0.25,0.07,0.13,,12.84,4.58,1.33,
2015-04-22,150028.0,114.148,2679047.0,0.25,0.07,0.13,,12.71,4.53,1.31,
2015-04-29,219702.0,92.224,2593777.0,0.27,0.08,0.13,,13.39,4.53,1.32,
2015-05-06,227506.0,84.722,2595402.0,0.26,0.07,0.13,,15.15,4.5,1.33,
2015-05-13,216211.0,92.129,2619317.0,0.25,0.08,0.13,,13.76,4.51,1.33,
2015-05-20,181641.0,154.345,2635118.0,0.26,0.07,0.12,,12.88,4.49,1.33,
2015-05-27,175577.0,128.828,2510791.0,0.27,0.08,0.12,,13.27,4.48,1.35,
2015-06-03,185794.0,95.389,2444765.0,0.26,0.08,0.13,,13.66,4.46,1.38,
2015-06-10,178468.0,80.453,2654281.0,0.27,0.11,0.13,,13.22,4.6,1.4,
2015-06-17,207648.0,110.708,2621304.0,0.28,0.09,0.14,,14.5,4.76,1.43,
2015-06-24,239498.0,136.642,2530324.0,0.27,0.09,0.13,,13.26,4.66,1.44,
2015-07-01,227457.0,93.411,2457406.0,0.27,0.08,0.13,,16.09,4.88,1.46,
2015-07-08,182596.0,145.47,2555100.0,0.26,0.1,0.13,,19.66,5.21,1.5,
2015-07-15,176411.0,103.217,2620137.0,0.27,0.06,0.13,,13.23,4.93,1.5,
2015-07-22,194772.0,112.695,2631543.0,0.25,0.08,0.13,,12.12,5.16,1.52,
2015-07-29,196825.0,86.429,2624646.0,0.24,0.07,0.14,,12.5,5.33,1.56,
2015-08-05,203501.0,86.869,2598529.0,0.23,0.13,0.14,,12.51,5.29,1.58,
2015-08-12,196323.0,64.411,2558957.0,0.21,0.1,0.15,,13.61,5.79,1.64,
2015-08-19,177883.0,84.36,2528568.0,0.28,0.11,0.15,,15.25,5.68,1.66,
2015-08-26,128581.0,68.719,2682256.0,0.27,0.11,0.14,,30.32,5.91,1.72,
2015-09-02,120354.0,70.33,2682003.0,0.3,0.13,0.14,,26.09,5.73,1.69,
2015-09-09,85792.0,68.129,2731228.0,0.3,0.12,0.14,,26.23,5.59,1.67,
2015-09-16,117411.0,82.181,2696511.0,0.28,0.16,0.14,,21.35,5.59,1.66,
2015-09-23,153512.0,144.297,2622865.0,0.32,0.13,0.14,,22.13,5.98,1.68,
2015-09-30,145165.0,199.614,2514321.0,0.34,0.12,0.07,,24.5,6.62,1.78,
2015-10-07,83381.0,115.434,2632633.0,0.32,0.12,0.13,,18.4,6.32,1.75,
2015-10-14,66439.0,90.184,2697180.0,0.32,0.15,0.13,,18.03,6.31,1.74,
2015-10-21,60403.0,151.082,2693306.0,0.31,0.1,0.13,,16.7,6.07,1.7,
2015-10-28,47100.0,155.316,2657762.0,0.28,0.14,0.12,,14.33,5.97,1.66,
2015-11-04,29795.0,107.406,2642566.0,0.29,0.08,0.12,,15.51,5.73,1.63,
2015-11-11,107125.0,83.13,2655976.0,0.23,0.11,0.12,,16.06,6.02,1.61,
2015-11-18,133021.0,121.961,2634137.0,0.25,0.1,0.12,,16.85,6.2,1.63,
2015-11-25,163491.0,100.152,2553608.0,0.22,0.11,0.12,,15.19,6.37,1.63,
2015-12-02,212756.0,84.184,2518901.0,0.23,0.16,0.13,,15.91,6.34,1.63,
2015-12-09,186624.0,87.963,2523870.0,0.23,0.3,0.14,,19.61,6.72,1.66,
2015-12-16,196343.0,102.004,2535562.0,0.26,0.34,0.15,,17.86,6.98,1.73,2073.07
2015-12-23,267608.0,178.331,2408573.0,0.4,0.34,0.36,,15.57,7.05,1.74,2064.29
2015-12-30,290467.0,277.446,2306241.0,0.4,0.33,0.35,,17.29,6.95,1.72,2063.36
2016-01-06,333220.0,126.584,2121654.0,0.41,0.33,0.36,,20.59,7.11,1.74,1990.26
2016-01-13,302983.0,84.416,2421899.0,0.4,0.35,0.36,,25.22,7.5,1.8,1890.28
2016-01-20,285318.0,106.627,2454769.0,0.36,0.33,0.37,,27.59,8.27,1.98,1859.33
2016-01-27,341996.0,89.304,2395752.0,0.3,0.31,0.38,,23.11,7.78,2.0,1882.95
2016-02-03,350858.0,62.461,2374971.0,0.29,0.36,0.38,,21.65,8.03,2.08,1912.53
2016-02-10,317303.0,47.974,2441826.0,0.31,0.35,0.38,,26.29,8.53,2.17,1851.86
2016-02-17,266760.0,52.098,2478361.0,0.32,0.35,0.37,,22.31,8.21,2.17,1926.82
2016-02-24,237950.0,41.065,2421445.0,0.3,0.36,0.38,,20.72,8.17,2.14,1929.8
2016-03-02,237207.0,44.546,2481508.0,0.28,0.35,0.37,,17.09,7.31,1.99,1986.45
2016-03-09,211443.0,47.346,2515893.0,0.33,0.34,0.36,,18.34,7.15,1.91,1989.26
2016-03-16,235634.0,48.389,2499512.0,0.33,0.32,0.37,,14.99,6.94,1.8,2027.22
2016-03-23,296956.0,70.075,2422534.0,0.33,0.33,0.37,,14.94,6.79,1.72,2036.71
2016-03-30,284660.0,127.119,2408417.0,0.43,0.3,0.37,,13.56,7.03,1.72,2063.95
2016-04-06,264323.0,27.455,2391977.0,0.4,0.33,0.37,,14.09,7.04,1.69,2066.66
2016-04-13,239635.0,16.61,2496830.0,0.4,0.35,0.37,,13.84,6.71,1.66,2082.42
2016-04-20,268785.0,31.971,2470250.0,0.41,0.33,0.37,,13.28,6.31,1.58,2102.4
2016-04-27,346166.0,31.432,2374158.0,0.4,0.35,0.37,,13.77,6.25,1.53,2095.15
2016-05-04,336357.0,35.592,2361000.0,0.44,0.35,0.37,,16.05,6.39,1.54,2051.12
2016-05-11,315369.0,31.533,2401680.0,0.37,0.35,0.37,,14.69,6.4,1.57,2064.46
2016-05-18,295339.0,63.92,2416214.0,0.34,0.33,0.37,,15.95,6.16,1.55,2047.63
2016-05-25,268619.0,65.797,2332537.0,0.34,0.39,0.37,,13.9,6.04,1.55,2090.54
2016-06-01,267948.0,61.186,2393953.0,0.38,0.38,0.37,,14.2,6.01,1.54,2099.33
2016-06-08,236351.0,41.445,2429639.0,0.42,0.37,0.37,,14.08,5.82,1.54,2119.12
2016-06-15,231257.0,28.313,2449153.0,0.4,0.37,0.37,,20.14,6.18,1.6,2071.5
2016-06-22,316838.0,90.386,2361897.0,0.37,0.36,0.38,,21.17,5.96,1.56,2085.45
2016-06-29,337093.0,143.206,2256344.0,0.39,0.4,0.41,,16.64,6.26,1.62,2070.77
2016-07-06,303297.0,83.401,2253410.0,0.39,0.39,0.4,,14.96,6.14,1.6,2099.73
2016-07-13,316064.0,48.357,2310766.0,0.37,0.39,0.4,,13.04,5.58,1.52,2152.43
2016-07-20,329150.0,79.368,2327654.0,0.38,0.34,0.4,,11.77,5.4,1.48,2173.02
2016-07-27,325499.0,67.687,2322008.0,0.44,0.36,0.4,,12.83,5.51,1.48,2166.58
2016-08-03,298813.0,68.075,2332761.0,0.5,0.36,0.4,,12.86,5.72,1.51,2163.79
2016-08-10,259832.0,80.174,2395226.0,0.54,0.36,0.4,,12.05,5.38,1.46,2175.49
2016-08-17,260810.0,81.337,2328544.0,0.51,0.37,0.4,,12.19,5.19,1.42,2182.22
2016-08-24,254376.0,95.35,2358138.0,0.52,0.37,0.4,,13.45,5.13,1.4,2175.44
2016-08-31,274195.0,171.368,2337960.0,0.51,0.43,0.3,,13.42,5.1,1.39,2170.95
2016-09-07,236154.0,79.08,2373809.0,0.49,0.31,0.4,,11.94,5.07,1.4,2186.16
2016-09-14,243082.0,64.485,2368491.0,0.52,0.42,0.4,,18.14,5.26,1.43,2125.77
2016-09-21,340448.0,176.835,2244467.0,0.64,0.42,0.4,,13.3,5.22,1.42,2163.12
2016-09-28,351700.0,272.277,2131792.0,0.57,0.41,0.4,,12.39,5.14,1.43,2171.37
2016-10-05,347760.0,297.964,1999935.0,0.55,0.39,0.4,,12.99,4.78,1.4,2159.73
2016-10-12,356185.0,188.671,2129766.0,0.52,0.49,0.41,,15.91,4.75,1.37,2139.18
2016-10-19,391988.0,191.81,2147216.0,0.54,0.46,0.41,,14.41,4.66,1.35,2144.29
2016-10-26,429027.0,142.065,2061583.0,0.56,0.4,0.41,,14.24,4.66,1.36,2139.43
2016-11-02,417665.0,176.232,2107987.0,0.52,0.43,0.41,,19.32,5.15,1.4,2097.94
2016-11-09,376217.0,130.993,2175670.0,0.45,0.43,0.41,,14.38,4.94,1.37,2163.26
2016-11-16,400625.0,116.044,2167766.0,0.45,0.41,0.41,,13.72,4.94,1.35,2176.94
2016-11-23,399665.0,119.371,2130901.0,0.43,0.4,0.41,,12.43,4.66,1.36,2204.72
2016-11-30,409360.0,208.524,2096684.0,0.45,0.47,0.31,,13.33,4.67,1.36,2198.81
2016-12-07,343355.0,185.812,2143979.0,0.44,0.54,0.41,,12.22,4.42,1.34,2241.35
2016-12-14,324525.0,169.563,2138296.0,0.43,0.68,0.41,,13.19,4.12,1.3,2253.28
2016-12-21,388497.0,307.477,2023009.0,0.49,0.41,0.66,,11.27,4.19,1.29,2265.18
2016-12-28,380679.0,323.912,1952555.0,0.48,0.64,0.66,,12.95,4.15,1.28,2249.92
2017-01-04,387989.0,266.468,1845396.0,0.49,0.62,0.66,,11.85,4.02,1.28,2270.75
2017-01-11,372492.0,158.82,2068178.0,0.51,0.64,0.66,,11.26,4.03,1.29,2275.32
2017-01-18,366090.0,130.118,2148195.0,0.51,0.64,0.66,,12.48,4.01,1.29,2271.89
2017-01-25,390842.0,108.36,2116497.0,0.55,0.65,0.66,,10.81,3.93,1.27,2298.37
2017-02-01,374841.0,133.73,2155126.0,0.53,0.64,0.66,,11.81,3.95,1.28,2279.55
2017-02-08,305735.0,122.934,2220721.0,0.5,0.61,0.66,,11.45,3.98,1.28,2294.67
2017-02-15,309919.0,105.123,2246912.0,0.51,0.6,0.66,,11.97,3.77,1.23,2349.25
2017-02-22,258292.0,177.833,2239022.0,0.53,0.62,0.66,,11.74,3.78,1.23,2362.82
2017-03-01,175496.0,156.01,2261623.0,0.47,0.62,0.66,,12.54,3.57,1.19,2395.96
2017-03-08,88220.0,212.124,2343906.0,0.39,0.74,0.66,,11.86,3.79,1.19,2362.98
2017-03-15,38579.0,226.51,2360216.0,0.43,0.89,0.66,,11.63,4.02,1.23,2385.26
2017-03-22,70827.0,251.013,2311413.0,0.4,0.81,0.91,,12.81,4.16,1.23,2348.45
2017-03-29,65187.0,260.357,2308932.0,0.38,0.83,0.91,,11.42,3.94,1.22,2361.13
2017-04-05,89210.0,174.644,2233858.0,0.36,0.82,0.91,,12.89,3.91,1.24,2352.95
2017-04-12,122218.0,105.528,2358407.0,0.36,0.82,0.91,,15.77,3.96,1.24,2344.93
2017-04-19,164543.0,116.567,2343340.0,0.36,0.83,0.91,,14.93,4.01,1.25,2338.17
2017-04-26,234219.0,122.323,2239041.0,0.35,0.82,0.91,,10.85,3.76,1.23,2387.45
2017-05-03,244655.0,186.667,2173987.0,0.33,0.84,0.91,,10.68,3.76,1.22,2388.13
2017-05-10,199013.0,187.269,2232191.0,0.29,0.83,0.91,,10.21,3.72,1.19,2399.63
2017-05-17,186080.0,167.158,2240327.0,0.29,0.83,0.91,,15.59,3.84,1.18,2357.03
2017-05-24,167165.0,184.946,2222412.0,0.28,0.87,0.91,,10.02,3.68,1.18,2404.39
2017-05-31,170984.0,256.176,2221628.0,0.25,0.86,0.83,,10.41,3.74,1.19,2411.8
2017-06-07,152444.0,165.138,2272308.0,0.24,0.93,0.91,,10.39,3.73,1.19,2433.14
2017-06-14,153646.0,163.056,2274716.0,0.26,1.04,0.91,,10.64,3.7,1.18,2437.92
2017-06-21,212275.0,198.769,2209820.0,0.32,1.1,1.16,,10.75,3.85,1.17,2435.61
2017-06-28,208365.0,263.699,2162742.0,0.3,1.1,1.16,,10.03,3.77,1.16,2440.69
2017-07-05,177006.0,240.029,2076340.0,0.27,1.09,1.16,,11.07,3.73,1.14,2432.54
2017-07-12,171033.0,179.172,2220769.0,0.27,1.09,1.16,,10.3,3.81,1.12,2443.25
2017-07-19,180400.0,144.731,2254092.0,0.22,1.11,1.16,,9.79,3.64,1.1,2473.83
2017-07-26,191404.0,103.311,2280565.0,0.2,1.13,1.16,,9.6,3.56,1.08,2477.83
2017-08-02,180348.0,119.334,2271315.0,0.25,1.1,1.16,,10.28,3.59,1.08,2477.57
2017-08-09,149862.0,103.95,2332293.0,0.27,1.1,1.16,,11.11,3.81,1.12,2474.02
2017-08-16,130954.0,92.84,2336388.0,0.32,1.1,1.16,,11.74,3.88,1.14,2468.11
2017-08-23,82077.0,169.793,2359640.0,0.34,1.1,1.16,,12.25,3.95,1.15,2444.04
2017-08-30,61057.0,146.086,2364546.0,0.31,1.12,1.16,,11.22,3.86,1.15,2457.59
2017-09-06,37563.0,145.128,2366129.0,0.27,1.1,1.16,,11.63,3.84,1.16,2465.54
2017-09-13,70232.0,125.668,2358933.0,0.3,1.11,1.16,,10.5,3.78,1.15,2498.37
2017-09-20,127782.0,168.025,2292801.0,0.3,1.12,1.16,,9.78,3.6,1.11,2508.24
2017-09-27,164652.0,220.083,2212709.0,0.28,1.11,1.16,,9.87,3.57,1.09,2507.04
2017-10-04,160433.0,178.738,2149215.0,0.29,1.11,1.16,,9.63,3.54,1.04,2537.74
2017-10-11,169766.0,129.805,2264498.0,0.28,1.12,1.16,,9.85,3.52,1.03,2555.24
2017-10-18,178974.0,121.457,2281294.0,0.29,1.13,1.16,,10.07,3.46,1.02,2561.26
2017-10-25,196332.0,112.057,2243832.0,0.27,1.15,1.16,,11.23,3.42,1.0,2557.15
2017-11-01,193546.0,87.165,2243215.0,0.22,1.15,1.16,,10.2,3.48,1.01,2579.36
2017-11-08,177780.0,74.546,2311929.0,0.2,1.15,1.16,,9.78,3.67,1.04,2594.38
2017-11-15,174631.0,35.038,2336255.0,0.19,1.16,1.16,,13.13,3.97,1.08,2564.62
2017-11-22,163579.0,51.634,2339907.0,0.19,1.15,1.16,,9.88,3.7,1.05,2597.08
2017-11-29,172282.0,67.019,2294895.0,0.21,1.19,1.16,,10.7,3.64,1.03,2626.07
2017-12-06,127586.0,76.368,2325090.0,0.24,1.26,1.16,,11.02,3.63,1.02,2629.27
2017-12-13,76208.0,143.392,2352562.0,0.31,1.33,1.17,,10.18,3.64,1.01,2662.85
2017-12-20,155612.0,127.582,2269164.0,0.3,1.5,1.42,,9.72,3.58,0.99,2679.25
2017-12-27,190283.0,147.749,2201425.0,0.27,1.65,1.42,,10.47,3.59,0.99,2682.62
2018-01-03,211566.0,131.622,2045930.0,0.31,1.5,1.42,,9.15,3.48,0.99,2713.06
2018-01-10,206215.0,57.954,2232897.0,0.31,1.5,1.42,,9.82,3.42,0.95,2748.23
2018-01-17,227665.0,20.548,2249899.0,0.32,1.5,1.42,,11.91,3.34,0.94,2802.56
2018-01-24,269118.0,36.371,2210944.0,0.34,1.5,1.42,,11.47,3.28,0.94,2837.54
2018-01-31,270244.0,65.797,2203630.0,0.34,1.5,1.34,,13.54,3.29,0.91,2823.81
2018-02-07,203936.0,48.12,2244845.0,0.27,1.5,1.42,,27.73,3.46,0.92,2681.66
2018-02-14,197681.0,38.518,2253929.0,0.29,1.53,1.42,,19.26,3.69,0.99,2698.63
2018-02-21,214677.0,45.171,2223380.0,0.3,1.56,1.42,,20.02,3.46,0.98,2701.33
2018-02-28,202620.0,44.51,2232947.0,0.39,1.66,1.35,,19.85,3.47,1.01,2713.83
2018-03-07,195071.0,14.295,2252016.0,0.41,1.67,1.42,,17.76,3.56,1.05,2726.8
2018-03-14,249929.0,4.97,2204829.0,0.42,1.78,1.42,,17.23,3.62,1.09,2749.48
2018-03-21,316454.0,20.586,2123587.0,0.56,1.78,1.44,,17.86,3.6,1.11,2711.93
2018-03-28,318858.0,17.898,2113321.0,0.61,1.84,1.68,,22.87,3.77,1.16,2605.0
2018-04-04,303916.0,4.57,2094045.0,0.64,1.83,1.69,1.74,20.06,3.71,1.16,2644.69
2018-04-11,294083.0,2.361,2119965.0,0.64,1.83,1.69,1.76,20.24,3.5,1.13,2642.19
2018-04-18,275246.0,14.021,2141390.0,0.58,1.82,1.69,1.75,15.6,3.24,1.1,2708.64
2018-04-25,359599.0,3.57,2052590.0,0.55,1.81,1.7,1.71,17.84,3.47,1.11,2639.4
2018-05-02,399984.0,6.52,1994584.0,0.55,1.84,1.7,1.75,15.97,3.45,1.15,2635.67
2018-05-09,353741.0,2.72,2025750.0,0.51,1.79,1.7,1.72,13.42,3.43,1.17,2697.79
2018-05-16,337258.0,2.545,2036270.0,0.45,1.81,1.7,1.75,13.42,3.37,1.14,2722.46
2018-05-23,326445.0,2.929,2021946.0,0.45,1.83,1.7,1.67,12.58,3.48,1.15,2733.29
2018-05-30,325351.0,3.92,2019681.0,0.4,1.85,1.7,1.72,14.94,3.64,1.2,2724.01
2018-06-06,294069.0,16.772,2029579.0,0.41,1.87,1.7,1.73,11.64,3.44,1.21,2772.35
2018-06-13,281188.0,3.025,2057269.0,0.44,1.95,1.7,1.71,12.94,3.33,1.21,2775.63
2018-06-20,352777.0,0.32,1971983.0,0.43,1.96,1.92,1.87,12.79,3.34,1.24,2767.32
2018-06-27,373940.0,20.68,1940847.0,0.44,1.93,1.91,1.9,17.91,3.56,1.29,2699.63
2018-07-04,336026.0,4.852,1917987.0,0.4,1.94,1.91,2.0,16.14,3.77,1.3,2713.22
2018-07-11,326476.0,1.23,1958085.0,0.41,1.97,1.91,1.89,13.63,3.66,1.25,2774.02
2018-07-18,324457.0,6.021,1967119.0,0.39,1.97,1.91,1.9,12.1,3.56,1.23,2815.62
2018-07-25,348886.0,0.72,1947119.0,0.37,1.93,1.91,1.87,12.29,3.48,1.19,2846.07
2018-08-01,351523.0,0.795,1937548.0,0.36,1.97,1.91,1.88,13.15,3.43,1.16,2813.36
2018-08-08,326471.0,1.659,1951389.0,0.32,1.94,1.91,1.88,10.85,3.37,1.15,2857.7
2018-08-15,342799.0,0.315,1922547.0,0.28,1.95,1.91,1.98,14.64,3.55,1.2,2818.37
2018-08-22,348393.0,1.126,1883254.0,0.26,1.95,1.92,1.9,12.25,3.48,1.19,2861.82
2018-08-29,342543.0,0.84,1883924.0,0.22,2.01,1.92,1.93,12.25,3.39,1.18,2914.04
2018-09-05,323764.0,0.01,1895010.0,0.22,1.97,1.92,1.95,13.91,3.49,1.21,2888.6
2018-09-12,303654.0,1.315,1920976.0,0.21,2.01,1.92,1.94,13.14,3.38,1.18,2888.92
2018-09-19,335878.0,8.915,1879896.0,0.23,2.09,1.92,1.92,11.75,3.24,1.14,2907.95
2018-09-26,370031.0,5.625,1832500.0,0.23,2.11,1.93,1.92,12.89,3.27,1.12,2905.97
2018-10-03,368007.0,2.954,1801576.0,0.22,2.21,2.18,2.2,11.61,3.16,1.11,2925.51
2018-10-10,324721.0,2.39,1865065.0,0.2,2.2,2.18,2.15,22.96,3.51,1.13,2785.68
2018-10-17,332923.0,0.174,1853533.0,0.18,2.24,2.19,2.18,17.4,3.45,1.16,2809.21
2018-10-24,369576.0,6.444,1817608.0,0.22,2.28,2.2,2.18,25.23,3.68,1.19,2656.1
2018-10-31,373368.0,4.815,1802252.0,0.27,2.24,2.2,2.22,21.23,3.81,1.25,2711.74
2018-11-07,319984.0,1.875,1826131.0,0.28,2.28,2.2,2.18,16.36,3.6,1.22,2813.89
2018-11-14,341094.0,0.66,1801383.0,0.3,2.29,2.2,2.2,21.25,3.99,1.29,2701.58
2018-11-21,330202.0,16.205,1757729.0,0.32,2.25,2.2,2.18,20.8,4.24,1.38,2649.93
2018-11-28,340596.0,1.464,1738659.0,0.36,2.3,2.2,2.19,18.49,4.25,1.41,2743.79
2018-12-05,337564.0,2.21,1738141.0,0.36,2.42,2.2,2.27,20.74,4.29,1.46,2700.06
2018-12-12,334967.0,0.461,1735539.0,0.39,2.44,2.19,2.2,21.46,4.4,1.5,2651.07
2018-12-19,350714.0,5.982,1699138.0,0.44,2.5,2.2,2.3,25.58,4.84,1.49,2506.96
2018-12-26,374085.0,1.005,1661223.0,0.4,2.49,2.4,2.44,30.41,5.37,1.56,2467.7
2019-01-02,379902.0,19.481,1621856.0,0.42,2.5,2.4,3.15,23.22,5.35,1.6,2510.03
2019-01-09,356698.0,2.537,1650387.0,0.4,2.48,2.4,2.45,19.98,4.52,1.56,2584.96
2019-01-16,351180.0,1.316,1664138.0,0.4,2.43,2.4,2.43,19.04,4.44,1.52,2616.1
2019-01-23,389626.0,11.415,1621876.0,0.41,2.4,2.4,2.4,19.52,4.39,1.44,2638.7
2019-01-30,403276.0,0.99,1617539.0,0.37,2.51,2.4,2.39,17.66,4.36,1.39,2681.05
2019-02-06,352375.0,1.926,1648553.0,0.37,2.45,2.4,2.38,15.38,4.13,1.32,2731.61
2019-02-13,359109.0,1.697,1649973.0,0.29,2.42,2.4,2.38,15.65,4.12,1.32,2753.03
2019-02-20,333896.0,2.275,1632580.0,0.26,2.41,2.4,2.39,14.02,4.08,1.32,2784.7
2019-02-27,310574.0,1.915,1640750.0,0.23,2.46,2.4,2.37,14.7,3.94,1.3,2792.38
2019-03-06,220045.0,2.115,1721614.0,0.18,2.42,2.4,2.38,15.74,3.98,1.28,2771.45
2019-03-13,245972.0,0.016,1703948.0,0.21,2.42,2.4,2.4,13.41,3.99,1.28,2810.92
2019-03-20,303623.0,0.617,1629731.0,0.19,2.44,2.41,2.47,13.91,3.97,1.26,2824.23
2019-03-27,310868.0,0.166,1622282.0,0.21,2.47,2.41,2.4,15.15,4.09,1.25,2805.37
2019-04-03,310188.0,0.016,1600398.0,0.21,2.44,2.41,2.47,13.74,3.9,1.24,2873.4
2019-04-10,262617.0,2.731,1634591.0,0.22,2.43,2.41,2.45,13.3,3.86,1.21,2888.21
2019-04-17,285264.0,0.015,1604479.0,0.2,2.44,2.42,2.5,12.6,3.67,1.16,2900.45
2019-04-24,378602.0,9.515,1505430.0,0.2,2.44,2.44,2.44,13.14,3.73,1.17,2927.25
2019-05-01,400498.0,0.027,1461419.0,0.2,2.44,2.45,2.54,14.8,3.71,1.17,2923.73
2019-05-08,348357.0,0.021,1484975.0,0.17,2.4,2.39,2.43,19.4,3.87,1.2,2879.42
2019-05-15,323786.0,0.46,1509867.0,0.16,2.42,2.4,2.48,16.44,4.17,1.24,2850.96
2019-05-22,282864.0,3.751,1518157.0,0.19,2.4,2.38,2.37,14.75,4.03,1.25,2856.27
2019-05-29,247777.0,2.226,1544711.0,0.2,2.41,2.39,2.4,17.9,4.36,1.32,2783.02
2019-06-05,223638.0,2.255,1537089.0,0.17,2.38,2.38,2.4,16.09,4.48,1.34,2826.15
2019-06-12,187560.0,1.705,1586963.0,0.24,2.38,2.37,2.37,15.91,4.22,1.32,2879.84
2019-06-19,198398.0,22.357,1567955.0,0.26,2.32,2.37,2.36,14.33,4.16,1.3,2926.46
2019-06-26,248302.0,7.784,1504737.0,0.23,2.33,2.38,2.43,16.21,4.05,1.23,2913.78
2019-07-03,245306.0,6.849,1456496.0,0.13,2.36,2.41,2.56,12.57,4.02,1.2,2995.82
2019-07-10,211115.0,6.252,1499806.0,0.19,2.33,2.41,2.46,13.03,4.01,1.2,2993.07
2019-07-17,197005.0,1.96,1515664.0,0.21,2.24,2.41,2.47,13.97,4.01,1.18,2984.42
2019-07-24,193362.0,8.255,1518322.0,0.22,2.15,2.4,2.41,12.07,3.98,1.16,3019.56
2019-07-31,163763.0,7.367,1534523.0,0.23,2.21,2.4,2.55,16.12,3.93,1.14,2980.38
2019-08-07,131704.0,3.622,1539244.0,0.2,2.11,2.12,2.1,19.49,4.52,1.27,2883.98
2019-08-14,129957.0,2.744,1550406.0,0.25,2.12,2.12,2.13,22.1,4.49,1.29,2840.6
2019-08-21,125725.0,15.153,1516045.0,0.22,2.03,2.12,2.1,15.8,4.21,1.26,2924.43
2019-08-28,145957.0,4.255,1498680.0,0.17,2.02,2.12,2.12,19.35,4.17,1.26,2887.94
2019-09-04,148740.0,1.425,1487555.0,0.18,2.04,2.13,2.21,17.33,4.23,1.27,2937.78
2019-09-11,185342.0,3.612,1456796.0,0.21,2.04,2.13,2.15,14.61,3.92,1.24,3000.93
2019-09-18,250226.0,18.91,1394122.0,0.25,2.07,2.25,2.55,13.95,3.82,1.2,3006.73
2019-09-25,314189.0,0.133,1400171.0,0.25,1.91,1.9,2.01,15.96,3.91,1.2,2984.87
2019-10-02,335171.0,3.054,1469200.0,0.31,1.94,1.85,1.85,20.56,4.28,1.25,2887.61
2019-10-09,318191.0,1.469,1506455.0,0.32,1.86,1.82,1.85,18.64,4.32,1.25,2919.4
2019-10-16,324604.0,1.803,1480368.0,0.37,1.87,1.9,2.05,13.68,4.01,1.2,2989.69
2019-10-23,377985.0,18.29,1449043.0,0.32,1.86,1.85,1.87,14.01,3.98,1.17,3004.52
2019-10-30,389872.0,0.196,1483702.0,0.32,1.78,1.82,1.82,12.33,3.96,1.14,3046.77
2019-11-06,377029.0,1.65,1523939.0,0.37,1.56,1.55,1.57,12.62,4.02,1.13,3076.78
2019-11-13,381955.0,1.762,1532316.0,0.37,1.61,1.55,1.57,13.0,4.05,1.12,3094.04
2019-11-20,368813.0,26.026,1518759.0,0.36,1.61,1.55,1.57,12.78,4.18,1.13,3108.46
2019-11-27,360941.0,0.506,1526697.0,0.32,1.58,1.55,1.55,11.75,3.99,1.11,3153.63
2019-12-04,346971.0,0.0,1573261.0,0.37,1.66,1.55,1.54,14.8,4.02,1.11,3112.76
2019-12-11,326865.0,0.605,1638657.0,0.35,1.57,1.55,1.54,14.99,3.83,1.07,3141.63
2019-12-18,332592.0,13.362,1660249.0,0.38,1.63,1.55,1.53,12.58,3.51,1.02,3191.14
2019-12-25,367820.0,4.423,1651927.0,0.41,1.75,1.55,1.52,12.67,3.53,1.0,3223.38
2020-01-01,382553.0,64.087,1615846.0,0.37,1.48,1.55,1.55,13.78,3.6,1.01,3230.78
2020-01-08,367002.0,0.876,1654086.0,0.32,1.56,1.55,1.55,13.45,3.5,1.03,3253.05
2020-01-15,350987.0,0.675,1686801.0,0.3,1.56,1.54,1.56,12.42,3.44,1.02,3289.29
2020-01-22,403941.0,15.604,1621689.0,0.28,1.53,1.55,1.54,12.91,3.49,0.99,3321.75
2020-01-29,432061.0,0.3,1616342.0,0.25,1.56,1.55,1.53,16.39,3.83,1.04,3273.4
2020-02-05,413322.0,4.112,1645016.0,0.2,1.58,1.59,1.59,15.15,3.75,1.05,3334.69
2020-02-12,411237.0,0.309,1675566.0,0.15,1.54,1.58,1.57,13.74,3.59,1.02,3379.45
2020-02-19,428805.0,0.095,1654118.0,0.15,1.55,1.59,1.59,14.38,3.57,1.02,3386.15
2020-02-26,439365.0,2.3,1626469.0,0.11,1.57,1.58,1.58,27.56,4.27,1.15,3116.39
2020-03-04,374515.0,5.025,1698855.0,0.29,1.05,1.09,1.23,31.99,4.75,1.32,3130.12
2020-03-11,380556.0,1.325,1744525.0,0.36,1.13,1.09,1.15,53.9,6.61,1.96,2741.38
2020-03-18,362576.0,0.477,1895588.0,1.1,1.54,0.25,0.1,76.45,9.04,3.03,2398.1
2020-03-25,390252.0,97.411,2186971.0,1.31,1.72,0.1,0.01,63.95,10.11,3.54,2475.56
2020-04-01,429267.0,207.828,2533908.0,1.35,1.4,0.06,0.01,57.06,9.11,3.05,2470.5
2020-04-08,698578.0,53.483,2760451.0,1.09,0.35,0.05,0.01,43.35,8.81,2.83,2749.98
2020-04-15,889815.0,3.15,2919041.0,0.99,0.34,0.05,0.03,40.84,7.64,2.38,2783.36
2020-04-22,901331.0,10.825,3103504.0,0.9,0.33,0.05,0.01,41.98,7.85,2.39,2799.31
2020-04-29,997507.0,1.45,3159142.0,0.59,0.21,0.04,0.01,31.23,7.87,2.31,2939.51
2020-05-06,1127490.0,1.175,3158938.0,0.33,0.07,0.05,0.05,34.12,7.6,2.18,2848.42
2020-05-13,1177494.0,13.825,3156929.0,0.26,0.13,0.05,0.04,35.28,7.61,2.21,2820.0
2020-05-20,1194410.0,9.726,3273303.0,0.24,0.15,0.05,0.01,27.99,7.16,2.01,2971.61
2020-05-27,1310491.0,4.326,3268144.0,0.21,0.09,0.05,0.06,27.62,6.7,1.9,3036.13
2020-06-03,1434823.0,0.013,3237461.0,0.17,0.1,0.06,0.06,25.66,5.8,1.74,3122.87
2020-06-10,1506558.0,0.012,3182228.0,0.15,0.11,0.08,0.07,27.57,5.92,1.61,3190.14
2020-06-17,1560850.0,0.001,3078491.0,0.15,0.13,0.09,0.09,33.47,5.85,1.57,3113.49
2020-06-24,1623942.0,0.001,2918756.0,0.13,0.09,0.08,0.08,33.84,6.23,1.6,3050.33
2020-07-01,1657620.0,0.002,2884819.0,0.16,0.12,0.08,0.11,28.62,6.33,1.58,3115.86
2020-07-08,1653098.0,0.001,2813967.0,0.12,0.12,0.09,0.1,28.08,6.06,1.51,3169.94
2020-07-15,1655320.0,0.001,2777603.0,0.11,0.11,0.1,0.13,27.76,5.81,1.48,3226.56
2020-07-22,1804944.0,0.0,2631780.0,0.13,0.14,0.09,0.1,24.32,5.28,1.39,3276.02
2020-07-29,1816687.0,0.001,2615272.0,0.15,0.1,0.1,0.09,24.1,5.15,1.4,3258.44
2020-08-05,1745228.0,0.0,2713287.0,0.14,0.1,0.1,0.09,22.99,5.04,1.37,3327.77
2020-08-12,1669733.0,0.103,2788961.0,0.15,0.1,0.1,0.09,22.28,5.1,1.33,3380.35
2020-08-19,1643505.0,0.112,2827685.0,0.14,0.1,0.09,0.09,22.54,5.25,1.37,3374.85
2020-08-26,1622690.0,0.009,2815794.0,0.15,0.07,0.09,0.07,23.27,5.02,1.37,3478.73
2020-09-02,1639159.0,0.014,2851916.0,0.13,0.09,0.09,0.09,26.57,4.93,1.34,3580.84
2020-09-09,1611083.0,0.001,2857463.0,0.13,0.09,0.09,0.09,28.81,5.16,1.37,3398.96
2020-09-16,1614855.0,0.055,2885412.0,0.11,0.1,0.09,0.1,26.04,5.07,1.35,3385.49
2020-09-23,1680688.0,0.001,2830499.0,0.12,0.09,0.09,0.06,28.58,5.47,1.39,3236.92
2020-09-30,1679152.0,0.85,2839316.0,0.13,0.08,0.09,0.08,26.37,5.41,1.44,3363.0
2020-10-07,1697074.0,0.011,2840860.0,0.13,0.08,0.09,0.09,28.06,5.02,1.36,3419.45
2020-10-14,1680998.0,0.0,2861929.0,0.11,0.09,0.09,0.09,26.4,4.89,1.33,3488.67
2020-10-21,1724792.0,0.0,2860480.0,0.11,0.09,0.09,0.07,28.65,4.91,1.31,3435.56
2020-10-28,1680933.0,0.005,2880781.0,0.11,0.11,0.09,0.08,40.28,5.29,1.32,3271.03
2020-11-04,1621346.0,0.0,2966737.0,0.13,0.09,0.09,0.1,29.57,4.79,1.3,3443.44
2020-11-11,1600837.0,0.0,2976170.0,0.11,0.09,0.09,0.1,23.45,4.37,1.18,3572.66
2020-11-18,1556892.0,0.103,3043822.0,0.13,0.09,0.09,0.07,23.84,4.42,1.17,3567.79
2020-11-25,1517215.0,0.0,3083636.0,0.14,0.07,0.08,0.08,21.25,4.33,1.14,3629.65
2020-12-02,1531053.0,0.001,3117307.0,0.14,0.09,0.09,0.08,21.17,4.17,1.08,3669.01
2020-12-09,1534243.0,0.003,3117480.0,0.14,0.1,0.09,0.08,22.27,4.04,1.1,3672.82
2020-12-16,1529698.0,0.026,3168240.0,0.15,0.1,0.09,0.09,22.5,4.06,1.08,3701.17
2020-12-23,1602407.0,0.857,3143041.0,0.16,0.08,0.09,0.06,23.31,4.07,1.07,3690.01
2020-12-30,1591055.0,0.652,3122156.0,0.16,0.08,0.09,0.09,22.77,3.87,1.03,3732.04
2021-01-06,1669327.0,0.004,3068284.0,0.14,0.1,0.09,0.1,25.07,3.8,1.04,3748.14
2021-01-13,1589421.0,0.0,3183917.0,0.15,0.09,0.09,0.08,22.21,3.82,1.0,3809.84
2021-01-20,1626906.0,1.806,3154624.0,0.14,0.09,0.09,0.06,21.58,3.67,0.99,3851.85
2021-01-27,1633540.0,1.152,3163008.0,0.13,0.07,0.08,0.03,37.21,3.85,1.03,3750.77
2021-02-03,1625325.0,0.178,3193118.0,0.16,0.06,0.08,0.07,22.91,3.68,1.01,3830.17
2021-02-10,1608906.0,0.0,3258919.0,0.15,0.07,0.08,0.06,21.99,3.51,0.98,3909.88
2021-02-17,1567041.0,0.05,3378907.0,0.14,0.06,0.08,0.06,21.5,3.44,0.94,3931.33
2021-02-24,1529977.0,0.001,3369020.0,0.16,0.07,0.07,0.02,21.34,3.42,0.96,3925.43
2021-03-03,1429549.0,0.507,3503120.0,0.14,0.06,0.07,0.04,26.67,3.51,0.95,3819.72
2021-03-10,1360064.0,0.1,3592010.0,0.14,0.07,0.07,0.02,22.56,3.63,1.04,3898.81
2021-03-17,1272583.0,0.0,3681030.0,0.17,0.07,0.07,0.01,19.23,3.65,1.02,3974.12
2021-03-24,1061138.0,21.902,3826375.0,0.18,0.07,0.07,0.01,21.2,3.51,1.01,3889.14
2021-03-31,1025727.0,134.307,3876162.0,0.16,0.04,0.06,0.01,19.4,3.36,0.97,3972.89
2021-04-07,1010103.0,35.035,3932949.0,0.17,0.05,0.07,0.01,17.16,3.22,0.95,4079.95
2021-04-14,925094.0,50.856,3977813.0,0.16,0.04,0.07,0.01,16.99,3.25,0.93,4124.66
2021-04-21,1015902.0,81.329,3825455.0,0.14,0.04,0.07,0.01,17.5,3.34,0.96,4173.42
2021-04-28,967689.0,166.732,3829269.0,0.18,0.03,0.07,0.01,17.28,3.26,0.94,4183.18
2021-05-05,953689.0,162.8,3873728.0,0.15,0.04,0.06,0.01,19.15,3.29,0.94,4167.59
2021-05-12,898779.0,209.257,3947565.0,0.13,0.04,0.06,0.01,27.59,3.34,0.93,4063.04
2021-05-19,866119.0,293.998,3919807.0,0.14,0.03,0.06,0.01,22.18,3.4,0.92,4115.68
2021-05-26,812473.0,450.283,3805178.0,0.12,0.02,0.06,0.01,17.36,3.35,0.9,4195.99
2021-06-02,783235.0,438.778,3814127.0,0.11,0.02,0.06,0.01,17.48,3.31,0.9,4208.12
2021-06-09,730235.0,502.904,3874371.0,0.09,0.02,0.06,0.01,17.89,3.22,0.91,4219.55
2021-06-16,653889.0,520.942,3940038.0,0.08,0.02,0.06,0.01,18.15,3.12,0.87,4223.7
2021-06-23,734689.0,813.65,3808042.0,0.1,0.04,0.1,0.05,16.32,3.13,0.88,4241.84
2021-06-30,745962.0,991.939,3780791.0,0.1,0.04,0.08,0.05,15.83,3.04,0.86,4297.5
2021-07-07,753364.0,785.72,3870568.0,0.07,0.05,0.1,0.05,16.2,3.05,0.88,4358.13
2021-07-14,704918.0,859.975,3903058.0,0.07,0.06,0.1,0.05,16.33,3.1,0.89,4374.3
2021-07-21,678103.0,886.206,3972940.0,0.09,0.05,0.1,0.05,17.91,3.24,0.93,4358.69
2021-07-28,578204.0,965.189,3984371.0,0.08,0.05,0.1,0.05,18.31,3.26,0.92,4400.64
2021-08-04,492668.0,931.755,4005578.0,0.07,0.06,0.1,0.05,17.97,3.42,0.93,4402.66
2021-08-11,434919.0,1000.46,4090506.0,0.07,0.05,0.1,0.05,16.06,3.37,0.93,4447.7
2021-08-18,338808.0,1115.656,4186711.0,0.06,0.06,0.09,0.05,21.57,3.35,0.94,4400.27
2021-08-25,301430.0,1147.089,4167748.0,0.06,0.05,0.09,0.05,16.79,3.22,0.93,4496.19
2021-09-01,277650.0,1084.115,4193981.0,0.07,0.05,0.08,0.05,16.11,3.19,0.92,4524.09
2021-09-08,253496.0,1115.229,4250506.0,0.07,0.05,0.08,0.05,17.96,3.16,0.92,4514.07
2021-09-15,230328.0,1081.342,4271184.0,0.08,0.05,0.08,0.05,18.18,3.08,0.9,4480.7
2021-09-22,308022.0,1283.281,4156747.0,0.1,0.06,0.08,0.05,20.87,3.09,0.9,4395.64
2021-09-29,197744.0,1415.84,4125348.0,0.09,0.06,0.08,0.05,22.56,3.09,0.87,4359.46
2021-10-06,135582.0,1451.175,4130050.0,0.08,0.05,0.08,0.05,21.0,3.29,0.9,4363.55
2021-10-13,77858.0,1364.701,4194503.0,0.07,0.05,0.08,0.05,18.64,3.25,0.91,4363.8
2021-10-20,83386.0,1493.961,4134714.0,0.08,0.05,0.08,0.03,15.49,3.07,0.89,4536.19
2021-10-27,213291.0,1433.37,4077170.0,0.07,0.06,0.08,0.05,16.98,3.11,0.89,4551.68
2021-11-03,280205.0,1343.985,4086336.0,0.09,0.07,0.08,0.05,15.1,3.18,0.91,4660.57
2021-11-10,259293.0,1448.623,4169041.0,0.1,0.04,0.08,0.05,18.73,3.06,0.9,4646.71
2021-11-17,211453.0,1520.0,4209802.0,0.11,0.06,0.08,0.05,17.11,3.17,0.94,4688.67
2021-11-24,164087.0,1452.897,4162810.0,0.12,0.05,0.08,0.05,18.58,3.32,0.96,4701.46
2021-12-01,152651.0,1427.347,4224865.0,0.11,0.06,0.08,0.05,31.12,3.58,1.03,4513.04
2021-12-08,115117.0,1484.192,4275806.0,0.13,0.09,0.08,0.05,19.9,3.21,0.99,4701.21
2021-12-15,104798.0,1621.097,4251431.0,0.16,0.05,0.08,0.05,19.29,3.33,1.01,4709.85
2021-12-22,84954.0,1699.277,4185009.0,0.13,,0.08,0.05,18.63,3.21,1.01,4696.56
2021-12-29,211849.0,1642.506,4116196.0,0.17,,0.08,0.05,16.95,3.03,0.97,4793.06
2022-01-05,389751.0,1492.787,3859731.0,0.14,0.08,0.08,0.05,19.73,3.07,0.95,4700.58
2022-01-12,456401.0,1536.981,3973554.0,0.12,0.07,0.08,0.05,17.62,3.06,0.96,4726.35
2022-01-19,488697.0,1656.576,3932521.0,0.09,0.07,0.08,0.05,23.85,3.11,0.99,4532.76
2022-01-26,614877.0,1613.046,3796174.0,0.09,0.05,0.08,0.04,31.96,3.25,1.03,4349.93
2022-02-02,675773.0,1626.895,3789714.0,,0.06,0.08,0.05,22.09,3.45,1.08,4589.38
2022-02-09,686384.0,1653.153,3771911.0,,0.08,0.08,0.04,19.96,3.46,1.09,4587.18
2022-02-16,692541.0,1644.134,3799973.0,,,0.08,0.05,24.29,3.68,1.14,4475.01
2022-02-23,697838.0,1738.322,3769869.0,,0.14,0.08,0.05,31.02,3.72,1.24,4225.5
2022-03-02,682903.0,1526.211,3844716.0,,0.19,0.08,0.05,30.74,3.71,1.33,4386.54
2022-03-09,652039.0,1542.504,3959659.0,,0.3,0.08,0.05,32.45,3.94,1.47,4277.88
2022-03-16,570606.0,1613.637,3961721.0,,0.36,0.08,0.05,26.67,3.96,1.46,4357.86
2022-03-23,614616.0,1803.186,3801095.0,,0.37,0.33,0.27,23.57,3.72,1.31,4456.24
2022-03-30,575065.0,1785.939,3829680.0,,0.35,0.33,0.27,19.33,3.33,1.25,4602.45
2022-04-06,574451.0,1731.472,3834183.0,,0.31,0.33,0.3,22.1,3.48,1.18,4481.15
2022-04-13,547308.0,1815.555,3823644.0,,0.39,0.33,0.29,21.82,3.77,1.28,4446.59
2022-04-20,711406.0,1866.56,3652101.0,,0.51,0.33,0.27,20.32,3.56,1.29,4459.45
2022-04-27,944328.0,1803.162,3331982.0,,0.54,0.33,0.28,31.6,3.89,1.38,4183.96
2022-05-04,945478.0,1815.656,3296085.0,,0.54,0.33,0.3,25.42,4.1,1.41,4300.17
2022-05-11,945658.0,1876.119,3288552.0,,0.84,0.83,0.78,32.56,4.55,1.45,3935.18
2022-05-18,886964.0,1973.373,3356377.0,,0.8,0.83,0.79,30.96,4.84,1.52,3923.68
2022-05-25,821535.0,1995.75,3306180.0,,0.91,0.83,0.78,28.37,4.74,1.49,3978.73
2022-06-01,789532.0,1965.015,3322030.0,,0.87,0.83,0.8,25.69,4.13,1.37,4101.23
2022-06-08,723384.0,2140.277,3339405.0,,1.0,0.83,0.76,23.96,4.34,1.37,4115.77
2022-06-15,656870.0,2162.924,3283954.0,,1.33,0.83,0.7,29.62,4.82,1.45,3789.99
2022-06-22,758283.0,2259.458,3147556.0,,1.58,1.58,1.45,28.95,5.32,1.54,3759.89
2022-06-29,756627.0,2226.976,3130087.0,,1.61,1.58,1.51,28.16,5.62,1.58,3818.83
2022-07-06,700457.0,2168.026,3190627.0,,1.63,1.58,1.54,26.73,5.8,1.65,3845.08
2022-07-13,652572.0,2155.29,3273436.0,,1.68,1.58,1.53,26.82,5.47,1.59,3801.78
2022-07-20,613878.0,2240.204,3284324.0,,2.08,1.58,1.53,23.88,4.9,1.52,3959.9
2022-07-27,602945.0,2188.994,3256875.0,,2.3,1.58,1.53,23.24,5.07,1.55,4023.61
2022-08-03,594115.0,2182.238,3259011.0,,2.32,2.33,2.29,21.95,4.54,1.5,4155.17
2022-08-10,557265.0,2177.646,3348147.0,,2.32,2.33,2.28,19.74,4.33,1.47,4210.24
2022-08-17,545321.0,2199.631,3346750.0,,2.32,2.33,2.29,19.9,4.33,1.41,4274.04
2022-08-24,535267.0,2237.072,3307365.0,,2.35,2.33,2.27,22.82,4.61,1.43,4140.77
2022-08-31,612536.0,2251.025,3248654.0,,2.34,2.33,2.29,25.87,5.03,1.48,3955.0
2022-09-07,581295.0,2206.987,3285498.0,,2.49,2.33,2.28,24.64,4.97,1.51,3979.87
2022-09-14,593808.0,2225.579,3234928.0,,2.66,2.33,2.27,26.16,4.74,1.46,3946.01
2022-09-21,692496.0,2315.9,3104032.0,,2.99,2.33,2.25,27.99,4.87,1.47,3789.93
2022-09-28,689569.0,2366.798,2960598.0,,3.05,3.08,2.98,30.18,5.47,1.67,3719.04
2022-10-05,633939.0,2230.799,2972874.0,,3.04,3.08,3.04,28.55,5.09,1.61,3783.28
2022-10-12,608302.0,2247.206,3087912.0,,3.12,3.08,3.04,33.57,5.31,1.71,3577.03
2022-10-19,607199.0,2241.835,3092044.0,,3.38,3.08,3.04,30.76,4.97,1.7,3695.16
2022-10-26,634548.0,2186.856,3042838.0,,3.41,3.08,3.03,27.28,4.8,1.67,3830.6
2022-11-02,598544.0,2229.861,3062727.0,,4.17,3.08,3.05,25.86,4.62,1.62,3759.69
2022-11-09,527479.0,2237.812,3067888.0,,3.8,3.83,3.78,26.09,4.99,1.6,3748.57
2022-11-16,502982.0,2099.07,3128277.0,,3.83,3.83,3.81,24.11,4.71,1.48,3958.79
2022-11-23,479474.0,2069.174,3160730.0,,3.98,3.83,3.79,20.35,4.51,1.42,4027.26
2022-11-30,511474.0,2115.913,3168995.0,,3.97,3.83,3.82,20.58,4.55,1.42,4080.11
2022-12-07,432335.0,2151.549,3199048.0,,4.17,3.83,3.8,22.68,4.68,1.4,3933.92
2022-12-14,355517.0,2192.864,3188634.0,,4.17,3.83,3.8,21.14,4.37,1.37,3995.32
2022-12-21,459780.0,2206.965,3088621.0,,4.26,4.33,4.3,20.07,4.56,1.4,3878.44
2022-12-28,427926.0,2293.003,3017889.0,,4.25,4.33,4.3,22.14,4.77,1.4,3783.22
2023-01-04,423625.0,2229.542,2830144.0,,4.25,4.33,4.3,22.01,4.62,1.4,3852.97
2023-01-11,372340.0,2199.17,3081237.0,,4.25,4.33,4.3,21.09,4.3,1.34,3969.61
2023-01-18,339018.0,2131.678,3147332.0,,4.4,4.33,4.3,20.34,4.25,1.29,3928.86
2023-01-25,491848.0,2031.561,3031889.0,,4.39,4.33,4.31,19.08,4.35,1.28,4016.22
2023-02-01,560089.0,2038.262,3015506.0,,4.54,4.33,4.31,17.87,4.31,1.25,4119.21
2023-02-08,493277.0,2059.604,3037584.0,,4.6,4.58,4.55,19.63,4.07,1.2,4117.86
2023-02-15,490379.0,2011.998,3041038.0,,4.5,4.58,4.55,18.23,4.18,1.23,4147.6
2023-02-22,477333.0,2113.849,3016577.0,,4.57,4.58,4.55,22.29,4.41,1.28,3991.05
2023-03-01,381245.0,2133.95,2998303.0,,4.61,4.58,4.55,20.58,4.17,1.29,3951.39
2023-03-08,333350.0,2193.237,2999720.0,,4.73,4.57,4.55,19.11,4.09,1.27,3992.01
2023-03-15,232866.0,2055.823,3251482.0,,4.73,4.58,4.58,26.14,5.2,1.64,3891.93
2023-03-22,259587.0,2279.608,3425075.0,,4.75,4.58,4.55,22.26,5.0,1.5,3936.97
2023-03-29,183577.0,2264.862,3437592.0,,4.79,4.83,4.83,19.12,4.83,1.5,4027.81
2023-04-05,168793.0,2243.011,3292058.0,,4.83,4.83,4.81,19.08,4.84,1.45,4090.38
2023-04-12,109208.0,2303.862,3413989.0,,4.82,4.83,4.8,19.09,4.62,1.43,4091.95
2023-04-19,166555.0,2294.677,3303152.0,,4.88,4.83,4.8,16.46,4.41,1.37,4154.52
2023-04-26,291702.0,2279.561,3135655.0,,4.8,4.83,4.8,18.84,4.63,1.41,4055.99
2023-05-03,269216.0,2258.222,3089706.0,,5.04,4.83,4.81,18.34,4.79,1.45,4090.75
2023-05-10,197666.0,2233.149,3196429.0,,5.06,5.08,5.06,16.94,4.78,1.49,4137.64
2023-05-17,116220.0,2213.676,3248878.0,,5.07,5.08,5.05,16.87,4.75,1.49,4158.77
2023-05-24,61952.0,2250.709,3240172.0,,5.08,5.08,5.05,20.03,4.68,1.44,4115.24
2023-05-31,48954.0,2254.859,3309447.0,,5.08,5.08,5.08,17.94,4.69,1.42,4179.83
2023-06-07,44756.0,2161.556,3349751.0,,5.07,5.08,5.05,13.94,4.33,1.39,4267.52
2023-06-14,102118.0,2109.105,3325261.0,,5.08,5.08,5.05,13.88,4.18,1.38,4372.59
2023-06-21,276850.0,2037.102,3251558.0,,5.1,5.07,5.05,13.2,4.32,1.35,4365.69
2023-06-28,390571.0,1945.211,3171567.0,,5.12,5.07,5.06,13.43,4.27,1.34,4376.86
2023-07-05,415441.0,1867.061,3114989.0,,5.11,5.08,5.06,14.18,4.01,1.28,4446.82
2023-07-12,514337.0,1820.146,3166607.0,,5.13,5.08,5.05,13.54,3.95,1.27,4472.16
2023-07-19,531135.0,1732.804,3230457.0,,5.15,5.08,5.05,13.76,3.89,1.28,4565.72
2023-07-26,543597.0,1749.733,3172244.0,,5.23,5.08,5.06,13.19,3.91,1.23,4566.75
2023-08-02,517459.0,1770.186,3189533.0,,5.32,5.33,5.3,16.09,3.96,1.21,4513.39
2023-08-09,444594.0,1796.519,3222856.0,,5.31,5.33,5.3,15.96,3.94,1.23,4467.71
2023-08-16,435795.0,1796.725,3245971.0,,5.3,5.33,5.3,16.78,3.81,1.25,4404.33
2023-08-23,413787.0,1816.533,3186789.0,,5.25,5.33,5.3,15.98,3.92,1.25,4436.01
2023-08-30,470800.0,1696.819,3238345.0,,5.27,5.33,5.3,13.88,3.8,1.22,4514.87
2023-09-06,470881.0,1606.244,3307291.0,,5.28,5.33,5.3,14.45,3.86,1.23,4465.48
2023-09-13,521507.0,1546.225,3335459.0,,5.32,5.33,5.3,13.48,3.85,1.24,4467.44
2023-09-20,640296.0,1486.984,3231649.0,,5.29,5.33,5.3,15.14,3.77,1.2,4402.2
2023-09-27,681143.0,1442.805,3170324.0,,5.29,5.33,5.32,18.22,4.03,1.21,4274.51
2023-10-04,668009.0,1342.031,3145720.0,,5.34,5.33,5.32,18.58,4.37,1.29,4263.75
2023-10-11,709160.0,1239.382,3288945.0,,5.33,5.33,5.31,16.09,4.25,1.27,4376.95
2023-10-18,759878.0,1150.781,3353881.0,,5.34,5.33,5.3,19.22,4.32,1.29,4314.6
2023-10-25,834418.0,1100.617,3261886.0,,5.31,5.33,5.3,20.19,4.37,1.3,4186.77
2023-11-01,820487.0,1079.462,3267216.0,,5.34,5.33,5.32,16.87,4.47,1.33,4237.86
2023-11-08,772686.0,1024.451,3328908.0,,5.31,5.33,5.32,14.45,4.08,1.28,4382.78
2023-11-15,738562.0,944.241,3391713.0,,5.33,5.33,5.32,14.18,3.89,1.22,4502.88
2023-11-22,706017.0,931.604,3453853.0,,5.33,5.33,5.31,12.85,3.9,1.15,4556.62
2023-11-29,739209.0,914.187,3441581.0,,5.34,5.33,5.31,12.98,3.8,1.11,4550.58
2023-12-06,682509.0,846.498,3513374.0,,5.33,5.33,5.32,12.97,3.79,1.12,4549.34
2023-12-13,658440.0,823.329,3540619.0,,5.31,5.33,5.31,12.19,3.79,1.08,4707.09
2023-12-20,732196.0,779.143,3536105.0,,5.31,5.33,5.31,13.67,3.43,1.06,4698.35
2023-12-27,731405.0,818.869,3446459.0,,5.31,5.33,5.39,12.43,3.34,1.05,4781.58
2024-01-03,758448.0,719.897,3262895.0,,5.32,5.33,5.39,14.04,3.71,1.09,4704.81
2024-01-10,747565.0,679.961,3498748.0,,5.29,5.33,5.31,12.69,3.5,1.04,4783.45
2024-01-17,748883.0,590.191,3611719.0,,5.33,5.33,5.32,14.79,3.62,1.02,4739.21
2024-01-24,799358.0,639.56,3526683.0,,5.32,5.33,5.31,13.14,3.44,0.99,4868.55
2024-01-31,841550.0,615.379,3526230.0,,5.33,5.33,5.32,14.35,3.59,1.02,4845.65
2024-02-07,802135.0,553.055,3599323.0,,5.23,5.33,5.31,12.83,3.43,1.0,4995.06
2024-02-14,838005.0,575.332,3540945.0,,5.33,5.33,5.3,14.38,3.38,0.98,5000.62
2024-02-21,785465.0,574.882,3565999.0,,5.32,5.33,5.3,15.34,3.34,0.94,4981.8
2024-02-28,785821.0,569.855,3567552.0,,5.3,5.33,5.31,13.84,3.31,0.98,5069.76
2024-03-06,767733.0,456.847,3626176.0,,5.33,5.33,5.31,14.5,3.27,1.01,5104.76
2024-03-13,768369.0,521.738,3624633.0,,5.33,5.33,5.31,13.75,3.15,0.95,5165.31
2024-03-20,809298.0,496.245,3553424.0,,5.33,5.33,5.31,13.04,3.14,0.92,5224.62
2024-03-27,802233.0,518.357,3496121.0,,5.3,5.33,5.33,12.78,3.15,0.94,5248.49
2024-04-03,768651.0,436.631,3414288.0,,5.32,5.33,5.32,14.33,3.23,0.92,5211.49
2024-04-10,704971.0,445.816,3586845.0,,5.31,5.33,5.31,15.8,3.1,0.89,5160.64
2024-04-17,796535.0,440.508,3522717.0,,5.32,5.33,5.31,18.21,3.42,0.95,5022.21
2024-04-24,941430.0,441.215,3324363.0,,5.3,5.33,5.31,15.97,3.19,0.92,5071.63
2024-05-01,917177.0,438.148,3252733.0,,5.33,5.33,5.32,15.39,3.21,0.91,5018.39
2024-05-08,851591.0,493.427,3331156.0,,5.32,5.33,5.31,13.0,3.1,0.89,5187.67
2024-05-15,787133.0,443.779,3369747.0,,5.31,5.33,5.31,12.45,3.13,0.9,5308.15
2024-05-22,725376.0,496.382,3390794.0,,5.3,5.33,5.31,12.29,3.11,0.89,5307.01
2024-05-29,704335.0,459.314,3409342.0,,5.32,5.33,5.33,14.28,3.15,0.88,5266.95
2024-06-05,710309.0,371.841,3408310.0,,5.3,5.33,5.33,12.63,3.2,0.91,5354.03
2024-06-12,673573.0,447.574,3455134.0,,5.31,5.33,5.31,12.04,3.09,0.9,5421.03
2024-06-19,723410.0,375.542,3434274.0,,5.32,5.33,5.33,12.48,3.24,0.96,5487.03
2024-06-26,765417.0,490.156,3302647.0,,5.31,5.33,5.34,12.55,3.18,0.97,5477.9
2024-07-03,761373.0,425.898,3184180.0,,5.31,5.33,5.33,12.09,3.25,0.93,5537.02
2024-07-10,736402.0,422.147,3341977.0,,5.3,5.33,5.34,12.85,3.17,0.92,5633.91
2024-07-17,751593.0,399.401,3331425.0,,5.31,5.33,5.35,14.48,3.09,0.93,5588.27
2024-07-24,774315.0,399.121,3308580.0,,5.29,5.33,5.34,18.04,3.1,0.96,5427.13
2024-07-31,786486.0,413.2,3293519.0,,5.29,5.33,5.38,16.36,3.25,0.97,5522.3
2024-08-07,770931.0,286.66,3351662.0,,5.3,5.33,5.33,27.85,3.57,1.07,5199.5
2024-08-14,794120.0,328.472,3346138.0,,5.33,5.33,5.33,16.19,3.46,1.02,5455.21
2024-08-21,736494.0,321.329,3355586.0,,5.3,5.33,5.31,16.27,3.27,0.98,5620.85
2024-08-28,745851.0,388.89,3313566.0,,5.28,5.33,5.35,17.11,3.19,0.96,5592.18
2024-09-04,733959.0,337.312,3243002.0,,5.22,5.33,5.35,21.32,3.35,0.99,5520.07
2024-09-11,755958.0,279.215,3320818.0,,5.12,5.33,5.32,17.69,3.44,1.01,5554.13
2024-09-18,771194.0,305.831,3313281.0,,5.13,5.33,5.33,18.23,3.21,0.95,5618.26
2024-09-25,806771.0,416.193,3169149.0,,4.77,4.83,4.84,15.41,3.19,0.92,5722.26
2024-10-02,798277.0,383.398,3089598.0,,4.83,4.83,4.92,18.9,3.06,0.91,5709.54
2024-10-09,802115.0,343.448,3186207.0,,4.8,4.83,4.83,20.86,2.94,0.85,5792.04
2024-10-16,791792.0,272.028,3209877.0,,4.83,4.83,4.86,19.58,2.9,0.83,5842.47
2024-10-23,829991.0,270.839,3230145.0,,4.76,4.83,4.83,19.24,2.95,0.86,5797.42
2024-10-30,835237.0,228.946,3236958.0,,4.71,4.83,4.81,20.35,2.8,0.84,5813.67
2024-11-06,842051.0,177.871,3274120.0,,4.62,4.83,4.81,16.27,2.74,0.8,5929.04
2024-11-13,832186.0,238.106,3244149.0,,4.56,4.58,4.59,14.02,2.64,0.78,5985.38
2024-11-20,751873.0,217.793,3286885.0,,4.58,4.58,4.56,17.16,2.67,0.81,5917.11
2024-11-27,775250.0,169.815,3227674.0,,,4.58,4.57,14.1,2.69,0.82,5998.74
2024-12-04,789516.0,162.866,3225075.0,,4.56,4.58,4.59,13.45,2.66,0.8,6086.49
2024-12-11,775067.0,180.12,3264559.0,,4.49,4.58,4.62,13.58,2.64,0.78,6084.19
2024-12-18,767932.0,131.651,3282229.0,,4.51,4.58,4.57,27.62,2.73,0.79,5872.16
2024-12-25,764770.0,180.989,3247382.0,,4.43,4.33,4.4,14.27,2.86,0.82,6040.04
2025-01-01,719873.0,473.46,3095997.0,,,4.33,4.49,17.35,2.92,0.82,5881.63
2025-01-08,652636.0,185.144,3254743.0,,4.32,4.33,4.29,17.7,2.84,0.83,5918.25
2025-01-15,641225.0,119.977,3340816.0,,4.32,4.33,4.28,16.12,2.72,0.83,5949.91
2025-01-22,677282.0,123.981,3332278.0,,4.33,4.33,4.3,15.1,2.59,0.81,6086.37
2025-01-29,784206.0,121.842,3224785.0,,4.3,4.33,4.35,16.56,2.68,0.81,6039.31
2025-02-05,805593.0,78.788,3177065.0,,4.3,4.33,4.33,15.77,2.69,0.83,6061.48
2025-02-12,828102.0,67.67,3220027.0,,4.32,4.33,4.32,15.89,2.65,0.81,6051.97
2025-02-19,790062.0,73.196,3270082.0,,4.32,4.33,4.35,15.27,2.68,0.79,6144.15
2025-02-26,681161.0,126.058,3327249.0,,4.33,4.33,4.33,19.1,2.81,0.84,5956.06
2025-03-05,548331.0,139.493,3312625.0,,4.31,4.33,4.34,21.93,2.88,0.87,5842.63
2025-03-12,512581.0,131.055,3400235.0,,4.32,4.33,4.31,24.23,3.2,0.96,5599.3
2025-03-19,435936.0,193.378,3467789.0,,4.32,4.33,4.29,19.9,3.19,0.91,5675.29
2025-03-26,360177.0,241.371,3450933.0,,4.42,4.33,4.35,18.33,3.19,0.91,5712.2
2025-04-02,313326.0,233.488,3379339.0,,4.31,4.33,4.37,21.51,3.42,0.96,5670.97
2025-04-09,306049.0,168.115,3474682.0,,4.35,4.33,4.42,33.62,4.37,1.21,5456.9
2025-04-16,422983.0,54.772,3452030.0,,4.4,4.33,4.31,32.64,4.16,1.13,5275.7
2025-04-23,606632.0,171.78,3256734.0,,4.32,4.33,4.28,28.45,3.75,1.08,5375.86
2025-04-30,595741.0,250.601,3219214.0,,4.33,4.33,4.41,24.7,3.94,1.09,5569.06
2025-05-07,583727.0,154.859,3218636.0,,4.34,4.33,4.3,23.55,3.67,1.05,5631.28
2025-05-14,575846.0,165.024,3235723.0,,4.33,4.33,4.29,18.62,3.1,0.93,5892.58
2025-05-21,503055.0,162.802,3289469.0,,4.31,4.33,4.26,20.87,3.25,0.91,5844.61
2025-05-28,467204.0,173.641,3270661.0,,4.33,4.33,4.33,19.31,3.23,0.9,5888.55
2025-06-04,378947.0,168.882,3294381.0,,4.31,4.33,4.28,17.61,3.23,0.89,5970.81
2025-06-11,332907.0,204.625,3407108.0,,4.33,4.33,4.28,17.26,3.12,0.87,6022.24
2025-06-18,337762.0,205.05,3406366.0,,4.32,4.33,4.28,20.14,3.16,0.88,5980.87
2025-06-25,364375.0,210.879,3369328.0,,4.3,4.33,4.36,16.76,3.04,0.88,6092.16
2025-07-02,359516.0,237.307,3225980.0,,4.31,4.33,4.4,16.64,2.88,0.83,6227.42
2025-07-09,319889.0,227.273,3330249.0,,4.32,4.33,4.32,15.94,2.94,0.83,6263.26
2025-07-16,296247.0,197.086,3398822.0,,4.29,4.33,4.34,17.16,3.0,0.81,6263.7
2025-07-23,323176.0,189.632,3362277.0,,4.31,4.33,4.28,15.37,2.83,0.79,6358.91
2025-07-30,370507.0,155.481,3347414.0,,4.28,4.33,4.32,15.48,2.89,0.78,6362.9
2025-08-06,421043.0,91.966,3332492.0,,4.3,4.33,4.34,16.77,2.98,0.81,6345.06
2025-08-13,504304.0,57.202,3320050.0,,4.27,4.33,4.33,14.49,2.9,0.78,6466.58
2025-08-20,519534.0,34.999,3317292.0,,4.27,4.33,4.31,15.69,2.94,0.77,6395.78
2025-08-27,589998.0,34.744,3224967.0,,4.26,4.33,4.36,14.85,2.78,0.78,6481.4
2025-09-03,597513.0,17.923,3181701.0,,4.26,4.33,4.39,16.35,2.88,0.81,6448.26
2025-09-10,672274.0,29.4,3160774.0,,4.22,4.33,4.39,15.35,2.84,0.79,6532.04
2025-09-17,756376.0,13.963,3073355.0,,4.05,4.33,4.38,15.72,2.79,0.76,6600.35
2025-09-24,804856.0,29.172,3002218.0,,4.08,4.09,4.13,16.18,2.7,0.75,6637.97
2025-10-01,805139.0,10.179,2966094.0,,4.06,4.09,4.2,16.29,2.81,0.76,6711.2
2025-10-08,807428.0,5.231,2998471.0,,4.0,4.1,4.12,16.3,2.84,0.75,6753.72
2025-10-15,809593.0,5.484,3019028.0,,4.04,4.1,4.29,20.64,2.95,0.78,6671.06
2025-10-22,908001.0,4.005,2933037.0,,4.0,4.11,4.21,18.6,3.01,0.8,6699.4
2025-10-29,957990.0,19.504,2848021.0,,3.96,4.12,4.27,16.92,2.76,0.75,6890.59
2025-11-05,940979.0,12.814,2862569.0,,3.92,3.87,3.91,18.01,3.05,0.81,6796.29
2025-11-12,953816.0,5.886,2855030.0,,3.91,3.87,3.98,17.51,3.02,0.83,6850.92
2025-11-19,941926.0,1.129,2888643.0,,3.85,3.88,3.91,23.66,3.17,0.84,6642.16
2025-11-26,903394.0,2.217,2896586.0,,3.88,3.88,4.05,17.19,3.0,0.82,6812.61
2025-12-03,937167.0,2.514,2858284.0,,3.85,3.89,3.95,16.08,2.89,0.81,6849.72
2025-12-10,,3.211,,,3.86,3.89,3.95,16.66,2.89,0.78,6840.51
