,TGA,RRP,RESERVE_BALANCE,SP500
2003-01-01,5016.0,,10667.0,
2003-01-08,4829.0,,7859.0,
2003-01-15,5244.0,,9606.0,
2003-01-22,6133.0,,12337.0,
2003-01-29,7162.0,,7139.0,
2003-02-05,5392.0,,11650.0,
2003-02-12,4681.0,2.5,6254.0,
2003-02-19,5048.0,,12588.0,
2003-02-26,5249.0,,8084.0,
2003-03-05,4909.0,,13468.0,
2003-03-12,5196.0,,5511.0,
2003-03-19,4979.0,1.25,13478.0,
2003-03-26,5916.0,,6341.0,
2003-04-02,5654.0,,13314.0,
2003-04-09,6528.0,2.25,5725.0,
2003-04-16,6470.0,,13164.0,
2003-04-23,8927.0,,8290.0,
2003-04-30,8763.0,,15422.0,
2003-05-07,7113.0,,6756.0,
2003-05-14,7139.0,,12795.0,
2003-05-21,6899.0,,10464.0,
2003-05-28,5543.0,,15770.0,
2003-06-04,6487.0,1.25,11994.0,
2003-06-11,6515.0,,10099.0,
2003-06-18,7147.0,2.25,10204.0,
2003-06-25,7199.0,3.5,13382.0,
2003-07-02,6087.0,,12845.0,
2003-07-09,6218.0,,10082.0,
2003-07-16,6479.0,,11134.0,
2003-07-23,6067.0,,14210.0,
2003-07-30,6205.0,,10751.0,
2003-08-06,5639.0,,13477.0,
2003-08-13,5611.0,,8007.0,
2003-08-20,5644.0,,21955.0,
2003-08-27,5974.0,,12019.0,
2003-09-03,4843.0,,16316.0,
2003-09-10,4745.0,,8538.0,
2003-09-17,6084.0,,14516.0,
2003-09-24,7540.0,,9141.0,
2003-10-01,6922.0,,17128.0,
2003-10-08,5185.0,,7138.0,
2003-10-15,3745.0,,12588.0,
2003-10-22,5403.0,,10373.0,
2003-10-29,5125.0,,16292.0,
2003-11-05,5680.0,2.75,12259.0,
2003-11-12,4876.0,,9419.0,
2003-11-19,4651.0,,12226.0,
2003-11-26,5223.0,,12030.0,
2003-12-03,5437.0,,12668.0,
2003-12-10,4974.0,,10144.0,
2003-12-17,5622.0,1.75,9675.0,
2003-12-24,4701.0,,11893.0,
2003-12-31,5850.0,,10686.0,
2004-01-07,5319.0,2.5,9839.0,
2004-01-14,4886.0,2.25,7855.0,
2004-01-21,7374.0,,16761.0,
2004-01-28,5153.0,,9687.0,
2004-02-04,4901.0,,13274.0,
2004-02-11,5352.0,,7469.0,
2004-02-18,4984.0,,11844.0,
2004-02-25,5147.0,,9502.0,
2004-03-03,5618.0,,15018.0,
2004-03-10,5527.0,,9365.0,
2004-03-17,5737.0,,14588.0,
2004-03-24,5371.0,,9339.0,
2004-03-31,5246.0,,14803.0,
2004-04-07,5010.0,,9757.0,
2004-04-14,5158.0,,14601.0,
2004-04-21,6630.0,,14021.0,
2004-04-28,7444.0,,18223.0,
2004-05-05,6025.0,,13025.0,
2004-05-12,5435.0,,13493.0,
2004-05-19,5333.0,,14219.0,
2004-05-26,5212.0,,15726.0,
2004-06-02,4092.0,,15312.0,
2004-06-09,4698.0,,11799.0,
2004-06-16,6195.0,,12032.0,
2004-06-23,7034.0,,14372.0,
2004-06-30,5961.0,,14753.0,
2004-07-07,4541.0,,10724.0,
2004-07-14,4834.0,,11664.0,
2004-07-21,5509.0,,14245.0,
2004-07-28,4956.0,,12113.0,
2004-08-04,4701.0,,16333.0,
2004-08-11,5064.0,,11190.0,
2004-08-18,4456.0,,9619.0,
2004-08-25,4789.0,,10916.0,
2004-09-01,5297.0,,16991.0,
2004-09-08,4910.0,,10128.0,
2004-09-15,5261.0,,13700.0,
2004-09-22,6979.0,,13386.0,
2004-09-29,5118.0,,14990.0,
2004-10-06,5334.0,,10631.0,
2004-10-13,4682.0,,11175.0,
2004-10-20,5232.0,,12733.0,
2004-10-27,4948.0,,12863.0,
2004-11-03,5275.0,,12995.0,
2004-11-10,5012.0,,11377.0,
2004-11-17,4824.0,,12278.0,
2004-11-24,4419.0,,11686.0,
2004-12-01,5217.0,,11754.0,
2004-12-08,4986.0,,12606.0,
2004-12-15,5047.0,,12689.0,
2004-12-22,5133.0,,10747.0,
2004-12-29,4631.0,,9350.0,
2005-01-05,5650.0,,15515.0,
2005-01-12,5145.0,,7180.0,
2005-01-19,4781.0,,17473.0,
2005-01-26,5252.0,,12624.0,
2005-02-02,5070.0,,20963.0,
2005-02-09,4913.0,,7518.0,
2005-02-16,4924.0,,12913.0,
2005-02-23,5250.0,,11391.0,
2005-03-02,5199.0,,16224.0,
2005-03-09,4304.0,,8034.0,
2005-03-16,5118.0,,14101.0,
2005-03-23,4968.0,,13006.0,
2005-03-30,4592.0,,12615.0,
2005-04-06,5296.0,,12369.0,
2005-04-13,5175.0,,9731.0,
2005-04-20,5201.0,,15408.0,
2005-04-27,5586.0,,14570.0,
2005-05-04,4863.0,,12956.0,
2005-05-11,4993.0,,9499.0,
2005-05-18,5209.0,,11848.0,
2005-05-25,4936.0,,13263.0,
2005-06-01,4927.0,,12840.0,
2005-06-08,4778.0,,10552.0,
2005-06-15,5534.0,,10240.0,
2005-06-22,4982.0,,11521.0,
2005-06-29,4726.0,,10799.0,
2005-07-06,3840.0,,11413.0,
2005-07-13,4843.0,,7415.0,
2005-07-20,5423.0,,12934.0,
2005-07-27,4878.0,,10617.0,
2005-08-03,5012.0,,16201.0,
2005-08-10,4989.0,,9125.0,
2005-08-17,4805.0,,9469.0,
2005-08-24,5181.0,,9474.0,
2005-08-31,4909.0,,15024.0,
2005-09-07,4786.0,,9646.0,
2005-09-14,4973.0,,10800.0,
2005-09-21,6319.0,,12817.0,
2005-09-28,5366.0,,14074.0,
2005-10-05,4857.0,,11300.0,
2005-10-12,4787.0,,8504.0,
2005-10-19,4555.0,,11060.0,
2005-10-26,5149.0,,10202.0,
2005-11-02,4981.0,,12248.0,
2005-11-09,5002.0,,7813.0,
2005-11-16,4522.0,,11885.0,
2005-11-23,5107.0,,8337.0,
2005-11-30,5090.0,,10027.0,
2005-12-07,4932.0,,10698.0,
2005-12-14,5396.0,,9663.0,
2005-12-21,5402.0,,9007.0,
2005-12-28,4853.0,,9052.0,
2006-01-04,4734.0,,12589.0,
2006-01-11,4795.0,,7466.0,
2006-01-18,4810.0,,10521.0,
2006-01-25,5314.0,,9765.0,
2006-02-01,5117.0,,13196.0,
2006-02-08,5360.0,,5749.0,
2006-02-15,5224.0,,11260.0,
2006-02-22,5005.0,,7660.0,
2006-03-01,5080.0,,12791.0,
2006-03-08,5028.0,,2795.0,
2006-03-15,4479.0,,15167.0,
2006-03-22,5142.0,,7114.0,
2006-03-29,5400.0,,11285.0,
2006-04-05,5228.0,,10331.0,
2006-04-12,5126.0,,8196.0,
2006-04-19,4999.0,,12054.0,
2006-04-26,4953.0,,9965.0,
2006-05-03,5366.0,,11932.0,
2006-05-10,5151.0,,9977.0,
2006-05-17,5192.0,,11366.0,
2006-05-24,5476.0,,9997.0,
2006-05-31,4870.0,,9590.0,
2006-06-07,5233.0,,11328.0,
2006-06-14,4970.0,,9766.0,
2006-06-21,5007.0,,9629.0,
2006-06-28,4924.0,,8678.0,
2006-07-05,5334.0,,11478.0,
2006-07-12,5186.0,,6678.0,
2006-07-19,4915.0,,10330.0,
2006-07-26,5017.0,,7979.0,
2006-08-02,4720.0,,13836.0,
2006-08-09,4643.0,,6255.0,
2006-08-16,4747.0,,9099.0,
2006-08-23,4997.0,,7087.0,
2006-08-30,5095.0,,12426.0,
2006-09-06,4531.0,,10013.0,
2006-09-13,4749.0,,6616.0,
2006-09-20,6113.0,,10818.0,
2006-09-27,4280.0,,9399.0,
2006-10-04,6650.0,,8373.0,
2006-10-11,5174.0,,8400.0,
2006-10-18,4855.0,,8140.0,
2006-10-25,5178.0,,7914.0,
2006-11-01,4982.0,,8902.0,
2006-11-08,5034.0,,7885.0,
2006-11-15,4960.0,,6661.0,
2006-11-22,4663.0,,8740.0,
2006-11-29,5030.0,,8931.0,
2006-12-06,5060.0,,10118.0,
2006-12-13,4740.0,,5752.0,
2006-12-20,6066.0,,8648.0,
2006-12-27,5240.0,,6867.0,
2007-01-03,5027.0,,12206.0,
2007-01-10,4797.0,,5185.0,
2007-01-17,4686.0,,10161.0,
2007-01-24,5112.0,,6193.0,
2007-01-31,5055.0,,13124.0,
2007-02-07,5097.0,,5436.0,
2007-02-14,5014.0,,8003.0,
2007-02-21,4940.0,,7648.0,
2007-02-28,4674.0,,9378.0,
2007-03-07,4725.0,,7064.0,
2007-03-14,5038.0,,8003.0,
2007-03-21,5408.0,,5262.0,
2007-03-28,4990.0,,9255.0,
2007-04-04,4769.0,,9314.0,
2007-04-11,4672.0,,6270.0,
2007-04-18,5454.0,,9728.0,
2007-04-25,6534.0,,7428.0,
2007-05-02,14887.0,5.75,10169.0,
2007-05-09,4914.0,,9624.0,
2007-05-16,4451.0,1.5,7513.0,
2007-05-23,4913.0,,9562.0,
2007-05-30,5183.0,,7223.0,
2007-06-06,4938.0,,11369.0,
2007-06-13,4958.0,,6250.0,
2007-06-20,5475.0,,10185.0,
2007-06-27,4923.0,,7197.0,
2007-07-04,4607.0,,11055.0,
2007-07-11,4912.0,,5211.0,
2007-07-18,4174.0,,9171.0,
2007-07-25,5052.0,,6215.0,
2007-08-01,4874.0,,12245.0,
2007-08-08,4998.0,,5146.0,
2007-08-15,4735.0,,23801.0,
2007-08-22,4842.0,,8096.0,
2007-08-29,5089.0,,7841.0,
2007-09-05,4685.0,,5953.0,
2007-09-12,4755.0,,8926.0,
2007-09-19,5416.0,,5662.0,
2007-09-26,4761.0,,13425.0,
2007-10-03,5430.0,,12404.0,
2007-10-10,4379.0,,7074.0,
2007-10-17,5080.0,,6969.0,
2007-10-24,5046.0,,7035.0,
2007-10-31,4950.0,,8839.0,
2007-11-07,5119.0,,8618.0,
2007-11-14,5143.0,,6221.0,
2007-11-21,4959.0,,9412.0,
2007-11-28,5176.0,,8800.0,
2007-12-05,4905.0,,9952.0,
2007-12-12,4831.0,,4451.0,
2007-12-19,7500.0,,8685.0,
2007-12-26,4910.0,,5674.0,
2008-01-02,8693.0,,13029.0,
2008-01-09,5146.0,,4149.0,
2008-01-16,5171.0,,11626.0,
2008-01-23,5335.0,,6481.0,
2008-01-30,4650.0,,12402.0,
2008-02-06,5548.0,,8999.0,
2008-02-13,5316.0,,5583.0,
2008-02-20,3861.0,,10523.0,
2008-02-27,4740.0,,8006.0,
2008-03-05,4867.0,,10019.0,
2008-03-12,5076.0,,7487.0,
2008-03-19,5152.0,7.25,15836.0,
2008-03-26,5729.0,,6014.0,
2008-04-02,5158.0,3.75,12639.0,
2008-04-09,5127.0,,6742.0,
2008-04-16,4745.0,,8244.0,
2008-04-23,5437.0,,10668.0,
2008-04-30,5721.0,,9128.0,
2008-05-07,5191.0,,11713.0,
2008-05-14,4657.0,,8609.0,
2008-05-21,4399.0,,11440.0,
2008-05-28,4940.0,,12478.0,
2008-06-04,4844.0,,12099.0,
2008-06-11,4849.0,,6511.0,
2008-06-18,4926.0,,11050.0,
2008-06-25,5070.0,,7114.0,
2008-07-02,5042.0,,14946.0,
2008-07-09,5180.0,,7475.0,
2008-07-16,4711.0,,11690.0,
2008-07-23,5419.0,,6648.0,
2008-07-30,5094.0,,16125.0,
2008-08-06,4880.0,,11329.0,
2008-08-13,4859.0,,9025.0,
2008-08-20,4765.0,,11669.0,
2008-08-27,4828.0,,9750.0,
2008-09-03,4746.0,,11906.0,
2008-09-10,4723.0,,9020.0,
2008-09-17,4941.0,,46998.0,
2008-09-24,5088.0,25.0,104499.0,
2008-10-01,8629.0,20.0,167055.0,
2008-10-08,7910.0,25.0,119718.0,
2008-10-15,7338.0,25.0,281034.0,
2008-10-22,23166.0,25.0,301260.0,
2008-10-29,100736.0,25.0,260924.0,
2008-11-05,31800.0,25.0,493611.0,
2008-11-12,61776.0,25.0,592141.0,
2008-11-19,60465.0,25.0,633849.0,
2008-11-26,64531.0,25.0,577731.0,
2008-12-03,61049.0,25.0,633911.0,
2008-12-10,49529.0,25.0,777875.0,
2008-12-17,79632.0,25.0,800403.0,
2008-12-24,125933.0,,784628.0,
2008-12-31,114229.0,,847821.0,
2009-01-07,66137.0,,877820.0,
2009-01-14,36826.0,,847259.0,
2009-01-21,35510.0,,843051.0,
2009-01-28,55539.0,,795229.0,
2009-02-04,41917.0,,661731.0,
2009-02-11,36506.0,,603078.0,
2009-02-18,31082.0,,689085.0,
2009-02-25,35583.0,,692397.0,
2009-03-04,52413.0,,647729.0,
2009-03-11,48896.0,,628627.0,
2009-03-18,72723.0,,777925.0,
2009-03-25,78083.0,,795806.0,
2009-04-01,47129.0,,804033.0,
2009-04-08,35981.0,,841151.0,
2009-04-15,41866.0,,837749.0,
2009-04-22,65720.0,,924827.0,
2009-04-29,84774.0,,827227.0,
2009-05-06,87083.0,,777037.0,
2009-05-13,76059.0,,858146.0,
2009-05-20,49838.0,,934135.0,
2009-05-27,26692.0,,867413.0,
2009-06-03,32573.0,,853660.0,
2009-06-10,31392.0,,804321.0,
2009-06-17,42257.0,,817587.0,
2009-06-24,118671.0,,692454.0,
2009-07-01,71990.0,,726671.0,
2009-07-08,34200.0,,751528.0,
2009-07-15,26431.0,,781790.0,
2009-07-22,73188.0,,752269.0,
2009-07-29,61406.0,,764658.0,
2009-08-05,70812.0,,718021.0,
2009-08-12,48217.0,,746807.0,
2009-08-19,29767.0,,798188.0,
2009-08-26,26273.0,,842210.0,
2009-09-02,35581.0,,837154.0,
2009-09-09,16798.0,,859581.0,
2009-09-16,25346.0,,867697.0,
2009-09-23,53301.0,,889393.0,
2009-09-30,37910.0,,924381.0,
2009-10-07,41579.0,,958831.0,
2009-10-14,23173.0,,981622.0,
2009-10-21,83461.0,,1034020.0,
2009-10-28,43241.0,,1085378.0,
2009-11-04,49511.0,,1084635.0,
2009-11-11,74637.0,,1035227.0,
2009-11-18,61634.0,,1101812.0,
2009-11-25,25904.0,,1156240.0,
2009-12-02,38243.0,,1139438.0,
2009-12-09,31793.0,0.18,1126508.0,
2009-12-16,76741.0,0.225,1096672.0,
2009-12-23,94951.0,,1106147.0,
2009-12-30,118523.0,,1066737.0,
2010-01-06,178343.0,,994051.0,
2010-01-13,136382.0,,1059208.0,
2010-01-20,143908.0,,1078881.0,
2010-01-27,135038.0,,1104555.0,
2010-02-03,109506.0,,1126672.0,
2010-02-10,79862.0,,1154075.0,
2010-02-17,46480.0,,1200695.0,
2010-02-24,32891.0,,1227597.0,
2010-03-03,38894.0,,1196337.0,
2010-03-10,36142.0,,1175338.0,
2010-03-17,52167.0,,1124978.0,
2010-03-24,67603.0,,1127725.0,
2010-03-31,35896.0,,1124679.0,
2010-04-07,19091.0,,1111072.0,
2010-04-14,11666.0,,1093863.0,
2010-04-21,46088.0,,1067938.0,
2010-04-28,57162.0,,1053074.0,
2010-05-05,76667.0,,1021581.0,
2010-05-12,34305.0,,1064462.0,
2010-05-19,21159.0,,1092540.0,
2010-05-26,26077.0,,1084219.0,
2010-06-02,33135.0,,1067106.0,
2010-06-09,32796.0,,1060078.0,
2010-06-16,29199.0,,1066441.0,
2010-06-23,45852.0,,1060334.0,
2010-06-30,40112.0,,1043380.0,
2010-07-07,25984.0,,1047031.0,
2010-07-14,18262.0,,1058516.0,
2010-07-21,51307.0,,1036195.0,
2010-07-28,41603.0,,1045219.0,
2010-08-04,27377.0,,1052386.0,
2010-08-11,36113.0,,1045180.0,
2010-08-18,28343.0,0.18,1041298.0,
2010-08-25,18823.0,,1049221.0,
2010-09-01,23113.0,,1034529.0,
2010-09-08,23062.0,,1031310.0,
2010-09-15,22341.0,,1026976.0,
2010-09-22,77377.0,,975434.0,
2010-09-29,57576.0,,995183.0,
2010-10-06,58125.0,,985331.0,
2010-10-13,22780.0,,1022210.0,
2010-10-20,49934.0,,983140.0,
2010-10-27,37919.0,,1003206.0,
2010-11-03,34276.0,,992204.0,
2010-11-10,21585.0,,993685.0,
2010-11-17,21787.0,,983736.0,
2010-11-24,29391.0,,1011124.0,
2010-12-01,35378.0,,1003827.0,
2010-12-08,21184.0,,1050689.0,
2010-12-15,30093.0,,1053748.0,
2010-12-22,91479.0,,1013048.0,
2010-12-29,87472.0,,1027089.0,
2011-01-05,115386.0,,1001783.0,
2011-01-12,89107.0,,1066028.0,
2011-01-19,58958.0,,1071206.0,
2011-01-26,91704.0,,1078051.0,
2011-02-02,97314.0,,1087983.0,
2011-02-09,81217.0,,1152388.0,
2011-02-16,46423.0,,1224078.0,
2011-02-23,40558.0,,1265869.0,
2011-03-02,47058.0,,1292382.0,
2011-03-09,35841.0,,1358776.0,
2011-03-16,42088.0,,1395330.0,
2011-03-23,87280.0,,1391980.0,
2011-03-30,58515.0,0.77,1450291.0,
2011-04-06,54802.0,,1472385.0,
2011-04-13,25419.0,,1522249.0,
2011-04-20,73268.0,,1486650.0,
2011-04-27,104152.0,,1471501.0,
2011-05-04,115026.0,,1467320.0,
2011-05-11,99593.0,,1517084.0,
2011-05-18,91448.0,,1547236.0,
2011-05-25,84259.0,,1571447.0,
2011-06-01,65992.0,,1599810.0,
2011-06-08,38188.0,,1630850.0,
2011-06-15,41336.0,0.749,1650065.0,
2011-06-22,122935.0,,1590364.0,
2011-06-29,107983.0,,1617276.0,
2011-07-06,76560.0,,1650630.0,
2011-07-13,50339.0,,1679080.0,
2011-07-20,90719.0,,1636929.0,
2011-07-27,77019.0,,1652667.0,
2011-08-03,56911.0,,1624803.0,
2011-08-10,23425.0,,1649269.0,
2011-08-17,20172.0,0.02,1621140.0,
2011-08-24,20782.0,0.624,1605613.0,
2011-08-31,20320.0,,1611435.0,
2011-09-07,20192.0,,1615771.0,
2011-09-14,13766.0,,1617860.0,
2011-09-21,64915.0,,1567602.0,
2011-09-28,55718.0,,1576801.0,
2011-10-05,43655.0,,1604285.0,
2011-10-12,21906.0,,1624516.0,
2011-10-19,43403.0,,1600008.0,
2011-10-26,64369.0,,1568317.0,
2011-11-02,57775.0,,1571930.0,
2011-11-09,37029.0,,1568521.0,
2011-11-16,29786.0,,1583716.0,
2011-11-23,44347.0,,1505201.0,
2011-11-30,43770.0,,1520197.0,
2011-12-07,28282.0,,1546608.0,
2011-12-14,21484.0,,1601495.0,
2011-12-21,112404.0,,1509961.0,
2011-12-28,98652.0,,1534135.0,
2012-01-04,87058.0,,1564841.0,
2012-01-11,78263.0,,1572456.0,
2012-01-18,78069.0,,1593378.0,
2012-01-25,111236.0,,1529646.0,
2012-02-01,117554.0,,1572710.0,
2012-02-08,87962.0,,1600651.0,
2012-02-15,58049.0,,1634172.0,
2012-02-22,55795.0,,1621626.0,
2012-02-29,39475.0,,1607919.0,
2012-03-07,36963.0,0.99,1591922.0,
2012-03-14,41816.0,,1579394.0,
2012-03-21,102488.0,,1523382.0,
2012-03-28,84043.0,,1526338.0,
2012-04-04,54899.0,,1548610.0,
2012-04-11,45289.0,,1550552.0,
2012-04-18,53427.0,,1562988.0,
2012-04-25,78498.0,,1539135.0,
2012-05-02,120748.0,,1492460.0,
2012-05-09,113232.0,,1497049.0,
2012-05-16,99876.0,,1501657.0,
2012-05-23,90083.0,,1513160.0,
2012-05-30,67804.0,,1522910.0,
2012-06-06,60763.0,,1527474.0,
2012-06-13,41885.0,,1549830.0,
2012-06-20,114746.0,,1496509.0,
2012-06-27,129149.0,,1461231.0,
2012-07-04,100829.0,,1500156.0,
2012-07-11,86400.0,,1514001.0,
2012-07-18,63021.0,,1543311.0,
2012-07-25,45537.0,,1551501.0,
2012-08-01,42102.0,,1561819.0,
2012-08-08,35622.0,,1553199.0,
2012-08-15,28398.0,,1555394.0,
2012-08-22,24038.0,,1511753.0,
2012-08-29,25194.0,,1502317.0,
2012-09-05,30048.0,,1518165.0,
2012-09-12,47019.0,0.06,1505899.0,
2012-09-19,64716.0,,1453315.0,
2012-09-26,73239.0,,1424890.0,
2012-10-03,83297.0,,1446881.0,
2012-10-10,65845.0,,1469565.0,
2012-10-17,58473.0,,1483095.0,
2012-10-24,62738.0,,1477350.0,
2012-10-31,53905.0,,1494414.0,
2012-11-07,28002.0,,1509945.0,
2012-11-14,38664.0,,1483331.0,
2012-11-21,24433.0,,1503622.0,
2012-11-28,27904.0,,1485795.0,
2012-12-05,33997.0,1.18,1526122.0,
2012-12-12,38980.0,,1520217.0,
2012-12-19,54986.0,,1517220.0,
2012-12-26,55563.0,,1503482.0,
2013-01-02,71564.0,,1503866.0,
2013-01-09,59644.0,,1543024.0,
2013-01-16,54020.0,,1584948.0,
2013-01-23,72207.0,,1586337.0,
2013-01-30,71127.0,,1632732.0,
2013-02-06,64279.0,,1654331.0,
2013-02-13,34908.0,,1683304.0,
2013-02-20,24877.0,,1667383.0,
2013-02-27,43012.0,,1683532.0,
2013-03-06,36793.0,,1748067.0,
2013-03-13,43000.0,,1760956.0,
2013-03-20,71366.0,,1753364.0,
2013-03-27,68019.0,,1776369.0,
2013-04-03,76144.0,0.12,1801101.0,
2013-04-10,58767.0,1.19,1843724.0,
2013-04-17,82572.0,,1855933.0,
2013-04-24,128700.0,,1818122.0,
2013-05-01,157054.0,,1831841.0,
2013-05-08,144071.0,,1853217.0,
2013-05-15,89999.0,,1917007.0,
2013-05-22,33233.0,,1961690.0,
2013-05-29,13502.0,,1979200.0,
2013-06-05,30230.0,,2018582.0,
2013-06-12,43056.0,,2031047.0,
2013-06-19,79129.0,,1994315.0,
2013-06-26,97212.0,,1981754.0,
2013-07-03,118745.0,,2023336.0,
2013-07-10,88690.0,,2070591.0,
2013-07-17,70158.0,,2092289.0,
2013-07-24,58403.0,,2094920.0,
2013-07-31,60063.0,,2154522.0,
2013-08-07,60845.0,2.26,2171441.0,
2013-08-14,64121.0,1.21,2175545.0,
2013-08-21,51174.0,5.0,2193671.0,
2013-08-28,37298.0,,2222481.0,
2013-09-04,32432.0,,2266587.0,
2013-09-11,38551.0,,2265831.0,
2013-09-18,48099.0,,2293383.0,
2013-09-25,44991.0,6.244,2278603.0,
2013-10-02,37961.0,2.702,2311359.0,
2013-10-09,28728.0,0.425,2359390.0,
2013-10-16,35301.0,2.97,2370944.0,
2013-10-23,44193.0,15.74,2357446.0,
2013-10-30,31806.0,5.456,2424917.0,
2013-11-06,34358.0,6.715,2440588.0,
2013-11-13,45639.0,3.97,2449114.0,
2013-11-20,49446.0,6.121,2473552.0,
2013-11-27,53744.0,5.721,2466785.0,
2013-12-04,37947.0,11.095,2492609.0,
2013-12-11,28992.0,34.461,2524024.0,
2013-12-18,70572.0,11.105,2521300.0,
2013-12-25,99122.0,42.245,2474155.0,
2014-01-01,105104.0,197.755,2374633.0,
2014-01-08,119258.0,43.545,2453039.0,
2014-01-15,80022.0,46.752,2527883.0,
2014-01-22,77798.0,93.711,2522890.0,
2014-01-29,89337.0,94.276,2519198.0,
2014-02-05,80081.0,100.382,2542276.0,
2014-02-12,36410.0,94.026,2589669.0,
2014-02-19,41184.0,83.299,2616352.0,
2014-02-26,46704.0,130.111,2599898.0,
2014-03-05,45394.0,76.183,2629608.0,
2014-03-12,56141.0,66.2,2652021.0,
2014-03-19,88345.0,76.145,2644893.0,
2014-03-26,102040.0,101.944,2612237.0,
2014-04-02,96163.0,106.045,2581373.0,
2014-04-09,62436.0,89.023,2684341.0,
2014-04-16,65457.0,71.744,2724744.0,
2014-04-23,111394.0,147.951,2641132.0,
2014-04-30,84126.0,208.222,2609418.0,
2014-05-07,91397.0,193.706,2597621.0,
2014-05-14,71250.0,183.187,2630836.0,
2014-05-21,37745.0,220.722,2657729.0,
2014-05-28,33573.0,171.269,2629199.0,
2014-06-04,33895.0,127.401,2679071.0,
2014-06-11,46921.0,110.875,2709510.0,
2014-06-18,84475.0,88.388,2703925.0,
2014-06-25,107244.0,119.673,2640303.0,
2014-07-02,100085.0,148.492,2578697.0,
2014-07-09,63826.0,144.921,2622832.0,
2014-07-16,59384.0,105.841,2639685.0,
2014-07-23,64138.0,136.74,2792302.0,
2014-07-30,62335.0,115.757,2809004.0,
2014-08-06,71513.0,123.782,2789330.0,
2014-08-13,78066.0,135.622,2786792.0,
2014-08-20,42803.0,150.444,2790174.0,
2014-08-27,40217.0,179.845,2778794.0,
2014-09-03,42868.0,151.016,2777409.0,
2014-09-10,39081.0,160.299,2787045.0,
2014-09-17,66417.0,156.936,2797996.0,
2014-09-24,114828.0,162.317,2732580.0,
2014-10-01,119237.0,212.481,2705717.0,
2014-10-08,96461.0,182.531,2749347.0,
2014-10-15,79790.0,121.915,2793290.0,
2014-10-22,123514.0,135.424,2688613.0,
2014-10-29,118424.0,134.69,2629809.0,
2014-11-05,111382.0,122.9,2561062.0,
2014-11-12,107205.0,111.681,2568099.0,
2014-11-19,95281.0,167.377,2520171.0,
2014-11-26,79769.0,148.284,2486574.0,
2014-12-03,87426.0,166.328,2449444.0,
2014-12-10,60092.0,105.322,2433138.0,
2014-12-17,114776.0,31.783,2786907.0,
2014-12-24,175093.0,53.237,2681801.0,
2014-12-31,192063.0,171.12,2574784.0,
2015-01-07,176817.0,143.749,2600598.0,
2015-01-14,158268.0,95.4,2753903.0,
2015-01-21,170152.0,167.769,2722392.0,
2015-01-28,201192.0,163.553,2665153.0,
2015-02-04,167272.0,145.65,2684263.0,
2015-02-11,158907.0,126.752,2536607.0,
2015-02-18,118836.0,157.273,2457419.0,
2015-02-25,68114.0,149.75,2328963.0,
2015-03-04,49803.0,95.1,2522095.0,
2015-03-11,39431.0,84.389,2688257.0,
2015-03-18,60686.0,151.424,2782935.0,
2015-03-25,85907.0,65.389,2706627.0,
2015-04-01,75467.0,31.623,2667344.0,
2015-04-08,55206.0,96.443,2744497.0,
2015-04-15,50447.0,69.829,2793314.0,
2015-04-22,150028.0,114.148,2679047.0,
2015-04-29,219702.0,92.224,2593777.0,
2015-05-06,227506.0,84.722,2595402.0,
2015-05-13,216211.0,92.129,2619317.0,
2015-05-20,181641.0,154.345,2635118.0,
2015-05-27,175577.0,128.828,2510791.0,
2015-06-03,185794.0,95.389,2444765.0,
2015-06-10,178468.0,80.453,2654281.0,
2015-06-17,207648.0,110.708,2621304.0,
2015-06-24,239498.0,136.642,2530324.0,
2015-07-01,227457.0,93.411,2457406.0,
2015-07-08,182596.0,145.47,2555100.0,
2015-07-15,176411.0,103.217,2620137.0,
2015-07-22,194772.0,112.695,2631543.0,
2015-07-29,196825.0,86.429,2624646.0,
2015-08-05,203501.0,86.869,2598529.0,
2015-08-12,196323.0,64.411,2558957.0,
2015-08-19,177883.0,84.36,2528568.0,
2015-08-26,128581.0,68.719,2682256.0,
2015-09-02,120354.0,70.33,2682003.0,
2015-09-09,85792.0,68.129,2731228.0,
2015-09-16,117411.0,82.181,2696511.0,
2015-09-23,153512.0,144.297,2622865.0,
2015-09-30,145165.0,199.614,2514321.0,
2015-10-07,83381.0,115.434,2632633.0,
2015-10-14,66439.0,90.184,2697180.0,
2015-10-21,60403.0,151.082,2693306.0,
2015-10-28,47100.0,155.316,2657762.0,
2015-11-04,29795.0,107.406,2642566.0,
2015-11-11,107125.0,83.13,2655976.0,
2015-11-18,133021.0,121.961,2634137.0,
2015-11-25,163491.0,100.152,2553608.0,
2015-12-02,212756.0,84.184,2518901.0,
2015-12-09,186624.0,87.963,2523870.0,
2015-12-16,196343.0,102.004,2535562.0,2073.07
2015-12-23,267608.0,178.331,2408573.0,2064.29
2015-12-30,290467.0,277.446,2306241.0,2063.36
2016-01-06,333220.0,126.584,2121654.0,1990.26
2016-01-13,302983.0,84.416,2421899.0,1890.28
2016-01-20,285318.0,106.627,2454769.0,1859.33
2016-01-27,341996.0,89.304,2395752.0,1882.95
2016-02-03,350858.0,62.461,2374971.0,1912.53
2016-02-10,317303.0,47.974,2441826.0,1851.86
2016-02-17,266760.0,52.098,2478361.0,1926.82
2016-02-24,237950.0,41.065,2421445.0,1929.8
2016-03-02,237207.0,44.546,2481508.0,1986.45
2016-03-09,211443.0,47.346,2515893.0,1989.26
2016-03-16,235634.0,48.389,2499512.0,2027.22
2016-03-23,296956.0,70.075,2422534.0,2036.71
2016-03-30,284660.0,127.119,2408417.0,2063.95
2016-04-06,264323.0,27.455,2391977.0,2066.66
2016-04-13,239635.0,16.61,2496830.0,2082.42
2016-04-20,268785.0,31.971,2470250.0,2102.4
2016-04-27,346166.0,31.432,2374158.0,2095.15
2016-05-04,336357.0,35.592,2361000.0,2051.12
2016-05-11,315369.0,31.533,2401680.0,2064.46
2016-05-18,295339.0,63.92,2416214.0,2047.63
2016-05-25,268619.0,65.797,2332537.0,2090.54
2016-06-01,267948.0,61.186,2393953.0,2099.33
2016-06-08,236351.0,41.445,2429639.0,2119.12
2016-06-15,231257.0,28.313,2449153.0,2071.5
2016-06-22,316838.0,90.386,2361897.0,2085.45
2016-06-29,337093.0,143.206,2256344.0,2070.77
2016-07-06,303297.0,83.401,2253410.0,2099.73
2016-07-13,316064.0,48.357,2310766.0,2152.43
2016-07-20,329150.0,79.368,2327654.0,2173.02
2016-07-27,325499.0,67.687,2322008.0,2166.58
2016-08-03,298813.0,68.075,2332761.0,2163.79
2016-08-10,259832.0,80.174,2395226.0,2175.49
2016-08-17,260810.0,81.337,2328544.0,2182.22
2016-08-24,254376.0,95.35,2358138.0,2175.44
2016-08-31,274195.0,171.368,2337960.0,2170.95
2016-09-07,236154.0,79.08,2373809.0,2186.16
2016-09-14,243082.0,64.485,2368491.0,2125.77
2016-09-21,340448.0,176.835,2244467.0,2163.12
2016-09-28,351700.0,272.277,2131792.0,2171.37
2016-10-05,347760.0,297.964,1999935.0,2159.73
2016-10-12,356185.0,188.671,2129766.0,2139.18
2016-10-19,391988.0,191.81,2147216.0,2144.29
2016-10-26,429027.0,142.065,2061583.0,2139.43
2016-11-02,417665.0,176.232,2107987.0,2097.94
2016-11-09,376217.0,130.993,2175670.0,2163.26
2016-11-16,400625.0,116.044,2167766.0,2176.94
2016-11-23,399665.0,119.371,2130901.0,2204.72
2016-11-30,409360.0,208.524,2096684.0,2198.81
2016-12-07,343355.0,185.812,2143979.0,2241.35
2016-12-14,324525.0,169.563,2138296.0,2253.28
2016-12-21,388497.0,307.477,2023009.0,2265.18
2016-12-28,380679.0,323.912,1952555.0,2249.92
2017-01-04,387989.0,266.468,1845396.0,2270.75
2017-01-11,372492.0,158.82,2068178.0,2275.32
2017-01-18,366090.0,130.118,2148195.0,2271.89
2017-01-25,390842.0,108.36,2116497.0,2298.37
2017-02-01,374841.0,133.73,2155126.0,2279.55
2017-02-08,305735.0,122.934,2220721.0,2294.67
2017-02-15,309919.0,105.123,2246912.0,2349.25
2017-02-22,258292.0,177.833,2239022.0,2362.82
2017-03-01,175496.0,156.01,2261623.0,2395.96
2017-03-08,88220.0,212.124,2343906.0,2362.98
2017-03-15,38579.0,226.51,2360216.0,2385.26
2017-03-22,70827.0,251.013,2311413.0,2348.45
2017-03-29,65187.0,260.357,2308932.0,2361.13
2017-04-05,89210.0,174.644,2233858.0,2352.95
2017-04-12,122218.0,105.528,2358407.0,2344.93
2017-04-19,164543.0,116.567,2343340.0,2338.17
2017-04-26,234219.0,122.323,2239041.0,2387.45
2017-05-03,244655.0,186.667,2173987.0,2388.13
2017-05-10,199013.0,187.269,2232191.0,2399.63
2017-05-17,186080.0,167.158,2240327.0,2357.03
2017-05-24,167165.0,184.946,2222412.0,2404.39
2017-05-31,170984.0,256.176,2221628.0,2411.8
2017-06-07,152444.0,165.138,2272308.0,2433.14
2017-06-14,153646.0,163.056,2274716.0,2437.92
2017-06-21,212275.0,198.769,2209820.0,2435.61
2017-06-28,208365.0,263.699,2162742.0,2440.69
2017-07-05,177006.0,240.029,2076340.0,2432.54
2017-07-12,171033.0,179.172,2220769.0,2443.25
2017-07-19,180400.0,144.731,2254092.0,2473.83
2017-07-26,191404.0,103.311,2280565.0,2477.83
2017-08-02,180348.0,119.334,2271315.0,2477.57
2017-08-09,149862.0,103.95,2332293.0,2474.02
2017-08-16,130954.0,92.84,2336388.0,2468.11
2017-08-23,82077.0,169.793,2359640.0,2444.04
2017-08-30,61057.0,146.086,2364546.0,2457.59
2017-09-06,37563.0,145.128,2366129.0,2465.54
2017-09-13,70232.0,125.668,2358933.0,2498.37
2017-09-20,127782.0,168.025,2292801.0,2508.24
2017-09-27,164652.0,220.083,2212709.0,2507.04
2017-10-04,160433.0,178.738,2149215.0,2537.74
2017-10-11,169766.0,129.805,2264498.0,2555.24
2017-10-18,178974.0,121.457,2281294.0,2561.26
2017-10-25,196332.0,112.057,2243832.0,2557.15
2017-11-01,193546.0,87.165,2243215.0,2579.36
2017-11-08,177780.0,74.546,2311929.0,2594.38
2017-11-15,174631.0,35.038,2336255.0,2564.62
2017-11-22,163579.0,51.634,2339907.0,2597.08
2017-11-29,172282.0,67.019,2294895.0,2626.07
2017-12-06,127586.0,76.368,2325090.0,2629.27
2017-12-13,76208.0,143.392,2352562.0,2662.85
2017-12-20,155612.0,127.582,2269164.0,2679.25
2017-12-27,190283.0,147.749,2201425.0,2682.62
2018-01-03,211566.0,131.622,2045930.0,2713.06
2018-01-10,206215.0,57.954,2232897.0,2748.23
2018-01-17,227665.0,20.548,2249899.0,2802.56
2018-01-24,269118.0,36.371,2210944.0,2837.54
2018-01-31,270244.0,65.797,2203630.0,2823.81
2018-02-07,203936.0,48.12,2244845.0,2681.66
2018-02-14,197681.0,38.518,2253929.0,2698.63
2018-02-21,214677.0,45.171,2223380.0,2701.33
2018-02-28,202620.0,44.51,2232947.0,2713.83
2018-03-07,195071.0,14.295,2252016.0,2726.8
2018-03-14,249929.0,4.97,2204829.0,2749.48
2018-03-21,316454.0,20.586,2123587.0,2711.93
2018-03-28,318858.0,17.898,2113321.0,2605.0
2018-04-04,303916.0,4.57,2094045.0,2644.69
2018-04-11,294083.0,2.361,2119965.0,2642.19
2018-04-18,275246.0,14.021,2141390.0,2708.64
2018-04-25,359599.0,3.57,2052590.0,2639.4
2018-05-02,399984.0,6.52,1994584.0,2635.67
2018-05-09,353741.0,2.72,2025750.0,2697.79
2018-05-16,337258.0,2.545,2036270.0,2722.46
2018-05-23,326445.0,2.929,2021946.0,2733.29
2018-05-30,325351.0,3.92,2019681.0,2724.01
2018-06-06,294069.0,16.772,2029579.0,2772.35
2018-06-13,281188.0,3.025,2057269.0,2775.63
2018-06-20,352777.0,0.32,1971983.0,2767.32
2018-06-27,373940.0,20.68,1940847.0,2699.63
2018-07-04,336026.0,4.852,1917987.0,2713.22
2018-07-11,326476.0,1.23,1958085.0,2774.02
2018-07-18,324457.0,6.021,1967119.0,2815.62
2018-07-25,348886.0,0.72,1947119.0,2846.07
2018-08-01,351523.0,0.795,1937548.0,2813.36
2018-08-08,326471.0,1.659,1951389.0,2857.7
2018-08-15,342799.0,0.315,1922547.0,2818.37
2018-08-22,348393.0,1.126,1883254.0,2861.82
2018-08-29,342543.0,0.84,1883924.0,2914.04
2018-09-05,323764.0,0.01,1895010.0,2888.6
2018-09-12,303654.0,1.315,1920976.0,2888.92
2018-09-19,335878.0,8.915,1879896.0,2907.95
2018-09-26,370031.0,5.625,1832500.0,2905.97
2018-10-03,368007.0,2.954,1801576.0,2925.51
2018-10-10,324721.0,2.39,1865065.0,2785.68
2018-10-17,332923.0,0.174,1853533.0,2809.21
2018-10-24,369576.0,6.444,1817608.0,2656.1
2018-10-31,373368.0,4.815,1802252.0,2711.74
2018-11-07,319984.0,1.875,1826131.0,2813.89
2018-11-14,341094.0,0.66,1801383.0,2701.58
2018-11-21,330202.0,16.205,1757729.0,2649.93
2018-11-28,340596.0,1.464,1738659.0,2743.79
2018-12-05,337564.0,2.21,1738141.0,2700.06
2018-12-12,334967.0,0.461,1735539.0,2651.07
2018-12-19,350714.0,5.982,1699138.0,2506.96
2018-12-26,374085.0,1.005,1661223.0,2467.7
2019-01-02,379902.0,19.481,1621856.0,2510.03
2019-01-09,356698.0,2.537,1650387.0,2584.96
2019-01-16,351180.0,1.316,1664138.0,2616.1
2019-01-23,389626.0,11.415,1621876.0,2638.7
2019-01-30,403276.0,0.99,1617539.0,2681.05
2019-02-06,352375.0,1.926,1648553.0,2731.61
2019-02-13,359109.0,1.697,1649973.0,2753.03
2019-02-20,333896.0,2.275,1632580.0,2784.7
2019-02-27,310574.0,1.915,1640750.0,2792.38
2019-03-06,220045.0,2.115,1721614.0,2771.45
2019-03-13,245972.0,0.016,1703948.0,2810.92
2019-03-20,303623.0,0.617,1629731.0,2824.23
2019-03-27,310868.0,0.166,1622282.0,2805.37
2019-04-03,310188.0,0.016,1600398.0,2873.4
2019-04-10,262617.0,2.731,1634591.0,2888.21
2019-04-17,285264.0,0.015,1604479.0,2900.45
2019-04-24,378602.0,9.515,1505430.0,2927.25
2019-05-01,400498.0,0.027,1461419.0,2923.73
2019-05-08,348357.0,0.021,1484975.0,2879.42
2019-05-15,323786.0,0.46,1509867.0,2850.96
2019-05-22,282864.0,3.751,1518157.0,2856.27
2019-05-29,247777.0,2.226,1544711.0,2783.02
2019-06-05,223638.0,2.255,1537089.0,2826.15
2019-06-12,187560.0,1.705,1586963.0,2879.84
2019-06-19,198398.0,22.357,1567955.0,2926.46
2019-06-26,248302.0,7.784,1504737.0,2913.78
2019-07-03,245306.0,6.849,1456496.0,2995.82
2019-07-10,211115.0,6.252,1499806.0,2993.07
2019-07-17,197005.0,1.96,1515664.0,2984.42
2019-07-24,193362.0,8.255,1518322.0,3019.56
2019-07-31,163763.0,7.367,1534523.0,2980.38
2019-08-07,131704.0,3.622,1539244.0,2883.98
2019-08-14,129957.0,2.744,1550406.0,2840.6
2019-08-21,125725.0,15.153,1516045.0,2924.43
2019-08-28,145957.0,4.255,1498680.0,2887.94
2019-09-04,148740.0,1.425,1487555.0,2937.78
2019-09-11,185342.0,3.612,1456796.0,3000.93
2019-09-18,250226.0,18.91,1394122.0,3006.73
2019-09-25,314189.0,0.133,1400171.0,2984.87
2019-10-02,335171.0,3.054,1469200.0,2887.61
2019-10-09,318191.0,1.469,1506455.0,2919.4
2019-10-16,324604.0,1.803,1480368.0,2989.69
2019-10-23,377985.0,18.29,1449043.0,3004.52
2019-10-30,389872.0,0.196,1483702.0,3046.77
2019-11-06,377029.0,1.65,1523939.0,3076.78
2019-11-13,381955.0,1.762,1532316.0,3094.04
2019-11-20,368813.0,26.026,1518759.0,3108.46
2019-11-27,360941.0,0.506,1526697.0,3153.63
2019-12-04,346971.0,0.0,1573261.0,3112.76
2019-12-11,326865.0,0.605,1638657.0,3141.63
2019-12-18,332592.0,13.362,1660249.0,3191.14
2019-12-25,367820.0,4.423,1651927.0,3223.38
2020-01-01,382553.0,64.087,1615846.0,3230.78
2020-01-08,367002.0,0.876,1654086.0,3253.05
2020-01-15,350987.0,0.675,1686801.0,3289.29
2020-01-22,403941.0,15.604,1621689.0,3321.75
2020-01-29,432061.0,0.3,1616342.0,3273.4
2020-02-05,413322.0,4.112,1645016.0,3334.69
2020-02-12,411237.0,0.309,1675566.0,3379.45
2020-02-19,428805.0,0.095,1654118.0,3386.15
2020-02-26,439365.0,2.3,1626469.0,3116.39
2020-03-04,374515.0,5.025,1698855.0,3130.12
2020-03-11,380556.0,1.325,1744525.0,2741.38
2020-03-18,362576.0,0.477,1895588.0,2398.1
2020-03-25,390252.0,97.411,2186971.0,2475.56
2020-04-01,429267.0,207.828,2533908.0,2470.5
2020-04-08,698578.0,53.483,2760451.0,2749.98
2020-04-15,889815.0,3.15,2919041.0,2783.36
2020-04-22,901331.0,10.825,3103504.0,2799.31
2020-04-29,997507.0,1.45,3159142.0,2939.51
2020-05-06,1127490.0,1.175,3158938.0,2848.42
2020-05-13,1177494.0,13.825,3156929.0,2820.0
2020-05-20,1194410.0,9.726,3273303.0,2971.61
2020-05-27,1310491.0,4.326,3268144.0,3036.13
2020-06-03,1434823.0,0.013,3237461.0,3122.87
2020-06-10,1506558.0,0.012,3182228.0,3190.14
2020-06-17,1560850.0,0.001,3078491.0,3113.49
2020-06-24,1623942.0,0.001,2918756.0,3050.33
2020-07-01,1657620.0,0.002,2884819.0,3115.86
2020-07-08,1653098.0,0.001,2813967.0,3169.94
2020-07-15,1655320.0,0.001,2777603.0,3226.56
2020-07-22,1804944.0,0.0,2631780.0,3276.02
2020-07-29,1816687.0,0.001,2615272.0,3258.44
2020-08-05,1745228.0,0.0,2713287.0,3327.77
2020-08-12,1669733.0,0.103,2788961.0,3380.35
2020-08-19,1643505.0,0.112,2827685.0,3374.85
2020-08-26,1622690.0,0.009,2815794.0,3478.73
2020-09-02,1639159.0,0.014,2851916.0,3580.84
2020-09-09,1611083.0,0.001,2857463.0,3398.96
2020-09-16,1614855.0,0.055,2885412.0,3385.49
2020-09-23,1680688.0,0.001,2830499.0,3236.92
2020-09-30,1679152.0,0.85,2839316.0,3363.0
2020-10-07,1697074.0,0.011,2840860.0,3419.45
2020-10-14,1680998.0,0.0,2861929.0,3488.67
2020-10-21,1724792.0,0.0,2860480.0,3435.56
2020-10-28,1680933.0,0.005,2880781.0,3271.03
2020-11-04,1621346.0,0.0,2966737.0,3443.44
2020-11-11,1600837.0,0.0,2976170.0,3572.66
2020-11-18,1556892.0,0.103,3043822.0,3567.79
2020-11-25,1517215.0,0.0,3083636.0,3629.65
2020-12-02,1531053.0,0.001,3117307.0,3669.01
2020-12-09,1534243.0,0.003,3117480.0,3672.82
2020-12-16,1529698.0,0.026,3168240.0,3701.17
2020-12-23,1602407.0,0.857,3143041.0,3690.01
2020-12-30,1591055.0,0.652,3122156.0,3732.04
2021-01-06,1669327.0,0.004,3068284.0,3748.14
2021-01-13,1589421.0,0.0,3183917.0,3809.84
2021-01-20,1626906.0,1.806,3154624.0,3851.85
2021-01-27,1633540.0,1.152,3163008.0,3750.77
2021-02-03,1625325.0,0.178,3193118.0,3830.17
2021-02-10,1608906.0,0.0,3258919.0,3909.88
2021-02-17,1567041.0,0.05,3378907.0,3931.33
2021-02-24,1529977.0,0.001,3369020.0,3925.43
2021-03-03,1429549.0,0.507,3503120.0,3819.72
2021-03-10,1360064.0,0.1,3592010.0,3898.81
2021-03-17,1272583.0,0.0,3681030.0,3974.12
2021-03-24,1061138.0,21.902,3826375.0,3889.14
2021-03-31,1025727.0,134.307,3876162.0,3972.89
2021-04-07,1010103.0,35.035,3932949.0,4079.95
2021-04-14,925094.0,50.856,3977813.0,4124.66
2021-04-21,1015902.0,81.329,3825455.0,4173.42
2021-04-28,967689.0,166.732,3829269.0,4183.18
2021-05-05,953689.0,162.8,3873728.0,4167.59
2021-05-12,898779.0,209.257,3947565.0,4063.04
2021-05-19,866119.0,293.998,3919807.0,4115.68
2021-05-26,812473.0,450.283,3805178.0,4195.99
2021-06-02,783235.0,438.778,3814127.0,4208.12
2021-06-09,730235.0,502.904,3874371.0,4219.55
2021-06-16,653889.0,520.942,3940038.0,4223.7
2021-06-23,734689.0,813.65,3808042.0,4241.84
2021-06-30,745962.0,991.939,3780791.0,4297.5
2021-07-07,753364.0,785.72,3870568.0,4358.13
2021-07-14,704918.0,859.975,3903058.0,4374.3
2021-07-21,678103.0,886.206,3972940.0,4358.69
2021-07-28,578204.0,965.189,3984371.0,4400.64
2021-08-04,492668.0,931.755,4005578.0,4402.66
2021-08-11,434919.0,1000.46,4090506.0,4447.7
2021-08-18,338808.0,1115.656,4186711.0,4400.27
2021-08-25,301430.0,1147.089,4167748.0,4496.19
2021-09-01,277650.0,1084.115,4193981.0,4524.09
2021-09-08,253496.0,1115.229,4250506.0,4514.07
2021-09-15,230328.0,1081.342,4271184.0,4480.7
2021-09-22,308022.0,1283.281,4156747.0,4395.64
2021-09-29,197744.0,1415.84,4125348.0,4359.46
2021-10-06,135582.0,1451.175,4130050.0,4363.55
2021-10-13,77858.0,1364.701,4194503.0,4363.8
2021-10-20,83386.0,1493.961,4134714.0,4536.19
2021-10-27,213291.0,1433.37,4077170.0,4551.68
2021-11-03,280205.0,1343.985,4086336.0,4660.57
2021-11-10,259293.0,1448.623,4169041.0,4646.71
2021-11-17,211453.0,1520.0,4209802.0,4688.67
2021-11-24,164087.0,1452.897,4162810.0,4701.46
2021-12-01,152651.0,1427.347,4224865.0,4513.04
2021-12-08,115117.0,1484.192,4275806.0,4701.21
2021-12-15,104798.0,1621.097,4251431.0,4709.85
2021-12-22,84954.0,1699.277,4185009.0,4696.56
2021-12-29,211849.0,1642.506,4116196.0,4793.06
2022-01-05,389751.0,1492.787,3859731.0,4700.58
2022-01-12,456401.0,1536.981,3973554.0,4726.35
2022-01-19,488697.0,1656.576,3932521.0,4532.76
2022-01-26,614877.0,1613.046,3796174.0,4349.93
2022-02-02,675773.0,1626.895,3789714.0,4589.38
2022-02-09,686384.0,1653.153,3771911.0,4587.18
2022-02-16,692541.0,1644.134,3799973.0,4475.01
2022-02-23,697838.0,1738.322,3769869.0,4225.5
2022-03-02,682903.0,1526.211,3844716.0,4386.54
2022-03-09,652039.0,1542.504,3959659.0,4277.88
2022-03-16,570606.0,1613.637,3961721.0,4357.86
2022-03-23,614616.0,1803.186,3801095.0,4456.24
2022-03-30,575065.0,1785.939,3829680.0,4602.45
2022-04-06,574451.0,1731.472,3834183.0,4481.15
2022-04-13,547308.0,1815.555,3823644.0,4446.59
2022-04-20,711406.0,1866.56,3652101.0,4459.45
2022-04-27,944328.0,1803.162,3331982.0,4183.96
2022-05-04,945478.0,1815.656,3296085.0,4300.17
2022-05-11,945658.0,1876.119,3288552.0,3935.18
2022-05-18,886964.0,1973.373,3356377.0,3923.68
2022-05-25,821535.0,1995.75,3306180.0,3978.73
2022-06-01,789532.0,1965.015,3322030.0,4101.23
2022-06-08,723384.0,2140.277,3339405.0,4115.77
2022-06-15,656870.0,2162.924,3283954.0,3789.99
2022-06-22,758283.0,2259.458,3147556.0,3759.89
2022-06-29,756627.0,2226.976,3130087.0,3818.83
2022-07-06,700457.0,2168.026,3190627.0,3845.08
2022-07-13,652572.0,2155.29,3273436.0,3801.78
2022-07-20,613878.0,2240.204,3284324.0,3959.9
2022-07-27,602945.0,2188.994,3256875.0,4023.61
2022-08-03,594115.0,2182.238,3259011.0,4155.17
2022-08-10,557265.0,2177.646,3348147.0,4210.24
2022-08-17,545321.0,2199.631,3346750.0,4274.04
2022-08-24,535267.0,2237.072,3307365.0,4140.77
2022-08-31,612536.0,2251.025,3248654.0,3955.0
2022-09-07,581295.0,2206.987,3285498.0,3979.87
2022-09-14,593808.0,2225.579,3234928.0,3946.01
2022-09-21,692496.0,2315.9,3104032.0,3789.93
2022-09-28,689569.0,2366.798,2960598.0,3719.04
2022-10-05,633939.0,2230.799,2972874.0,3783.28
2022-10-12,608302.0,2247.206,3087912.0,3577.03
2022-10-19,607199.0,2241.835,3092044.0,3695.16
2022-10-26,634548.0,2186.856,3042838.0,3830.6
2022-11-02,598544.0,2229.861,3062727.0,3759.69
2022-11-09,527479.0,2237.812,3067888.0,3748.57
2022-11-16,502982.0,2099.07,3128277.0,3958.79
2022-11-23,479474.0,2069.174,3160730.0,4027.26
2022-11-30,511474.0,2115.913,3168995.0,4080.11
2022-12-07,432335.0,2151.549,3199048.0,3933.92
2022-12-14,355517.0,2192.864,3188634.0,3995.32
2022-12-21,459780.0,2206.965,3088621.0,3878.44
2022-12-28,427926.0,2293.003,3017889.0,3783.22
2023-01-04,423625.0,2229.542,2830144.0,3852.97
2023-01-11,372340.0,2199.17,3081237.0,3969.61
2023-01-18,339018.0,2131.678,3147332.0,3928.86
2023-01-25,491848.0,2031.561,3031889.0,4016.22
2023-02-01,560089.0,2038.262,3015506.0,4119.21
2023-02-08,493277.0,2059.604,3037584.0,4117.86
2023-02-15,490379.0,2011.998,3041038.0,4147.6
2023-02-22,477333.0,2113.849,3016577.0,3991.05
2023-03-01,381245.0,2133.95,2998303.0,3951.39
2023-03-08,333350.0,2193.237,2999720.0,3992.01
2023-03-15,232866.0,2055.823,3251482.0,3891.93
2023-03-22,259587.0,2279.608,3425075.0,3936.97
2023-03-29,183577.0,2264.862,3437592.0,4027.81
2023-04-05,168793.0,2243.011,3292058.0,4090.38
2023-04-12,109208.0,2303.862,3413989.0,4091.95
2023-04-19,166555.0,2294.677,3303152.0,4154.52
2023-04-26,291702.0,2279.561,3135655.0,4055.99
2023-05-03,269216.0,2258.222,3089706.0,4090.75
2023-05-10,197666.0,2233.149,3196429.0,4137.64
2023-05-17,116220.0,2213.676,3248878.0,4158.77
2023-05-24,61952.0,2250.709,3240172.0,4115.24
2023-05-31,48954.0,2254.859,3309447.0,4179.83
2023-06-07,44756.0,2161.556,3349751.0,4267.52
2023-06-14,102118.0,2109.105,3325261.0,4372.59
2023-06-21,276850.0,2037.102,3251558.0,4365.69
2023-06-28,390571.0,1945.211,3171567.0,4376.86
2023-07-05,415441.0,1867.061,3114989.0,4446.82
2023-07-12,514337.0,1820.146,3166607.0,4472.16
2023-07-19,531135.0,1732.804,3230457.0,4565.72
2023-07-26,543597.0,1749.733,3172244.0,4566.75
2023-08-02,517459.0,1770.186,3189533.0,4513.39
2023-08-09,444594.0,1796.519,3222856.0,4467.71
2023-08-16,435795.0,1796.725,3245971.0,4404.33
2023-08-23,413787.0,1816.533,3186789.0,4436.01
2023-08-30,470800.0,1696.819,3238345.0,4514.87
2023-09-06,470881.0,1606.244,3307291.0,4465.48
2023-09-13,521507.0,1546.225,3335459.0,4467.44
2023-09-20,640296.0,1486.984,3231649.0,4402.2
2023-09-27,681143.0,1442.805,3170324.0,4274.51
2023-10-04,668009.0,1342.031,3145720.0,4263.75
2023-10-11,709160.0,1239.382,3288945.0,4376.95
2023-10-18,759878.0,1150.781,3353881.0,4314.6
2023-10-25,834418.0,1100.617,3261886.0,4186.77
2023-11-01,820487.0,1079.462,3267216.0,4237.86
2023-11-08,772686.0,1024.451,3328908.0,4382.78
2023-11-15,738562.0,944.241,3391713.0,4502.88
2023-11-22,706017.0,931.604,3453853.0,4556.62
2023-11-29,739209.0,914.187,3441581.0,4550.58
2023-12-06,682509.0,846.498,3513374.0,4549.34
2023-12-13,658440.0,823.329,3540619.0,4707.09
2023-12-20,732196.0,779.143,3536105.0,4698.35
2023-12-27,731405.0,818.869,3446459.0,4781.58
2024-01-03,758448.0,719.897,3262895.0,4704.81
2024-01-10,747565.0,679.961,3498748.0,4783.45
2024-01-17,748883.0,590.191,3611719.0,4739.21
2024-01-24,799358.0,639.56,3526683.0,4868.55
2024-01-31,841550.0,615.379,3526230.0,4845.65
2024-02-07,802135.0,553.055,3599323.0,4995.06
2024-02-14,838005.0,575.332,3540945.0,5000.62
2024-02-21,785465.0,574.882,3565999.0,4981.8
2024-02-28,785821.0,569.855,3567552.0,5069.76
2024-03-06,767733.0,456.847,3626176.0,5104.76
2024-03-13,768369.0,521.738,3624633.0,5165.31
2024-03-20,809298.0,496.245,3553424.0,5224.62
2024-03-27,802233.0,518.357,3496121.0,5248.49
2024-04-03,768651.0,436.631,3414288.0,5211.49
2024-04-10,704971.0,445.816,3586845.0,5160.64
2024-04-17,796535.0,440.508,3522717.0,5022.21
2024-04-24,941430.0,441.215,3324363.0,5071.63
2024-05-01,917177.0,438.148,3252733.0,5018.39
2024-05-08,851591.0,493.427,3331156.0,5187.67
2024-05-15,787133.0,443.779,3369747.0,5308.15
2024-05-22,725376.0,496.382,3390794.0,5307.01
2024-05-29,704335.0,459.314,3409342.0,5266.95
2024-06-05,710309.0,371.841,3408310.0,5354.03
2024-06-12,673573.0,447.574,3455134.0,5421.03
2024-06-19,723410.0,375.542,3434274.0,5487.03
2024-06-26,765417.0,490.156,3302647.0,5477.9
2024-07-03,761373.0,425.898,3184180.0,5537.02
2024-07-10,736402.0,422.147,3341977.0,5633.91
2024-07-17,751593.0,399.401,3331425.0,5588.27
2024-07-24,774315.0,399.121,3308580.0,5427.13
2024-07-31,786486.0,413.2,3293519.0,5522.3
2024-08-07,770931.0,286.66,3351662.0,5199.5
2024-08-14,794120.0,328.472,3346138.0,5455.21
2024-08-21,736494.0,321.329,3355586.0,5620.85
2024-08-28,745851.0,388.89,3313566.0,5592.18
2024-09-04,733959.0,337.312,3243002.0,5520.07
2024-09-11,755958.0,279.215,3320818.0,5554.13
2024-09-18,771194.0,305.831,3313281.0,5618.26
2024-09-25,806771.0,416.193,3169149.0,5722.26
2024-10-02,798277.0,383.398,3089598.0,5709.54
2024-10-09,802115.0,343.448,3186207.0,5792.04
2024-10-16,791792.0,272.028,3209877.0,5842.47
2024-10-23,829991.0,270.839,3230145.0,5797.42
2024-10-30,835237.0,228.946,3236958.0,5813.67
2024-11-06,842051.0,177.871,3274120.0,5929.04
2024-11-13,832186.0,238.106,3244149.0,5985.38
2024-11-20,751873.0,217.793,3286885.0,5917.11
2024-11-27,775250.0,169.815,3227674.0,5998.74
2024-12-04,789516.0,162.866,3225075.0,6086.49
2024-12-11,775067.0,180.12,3264559.0,6084.19
2024-12-18,767932.0,131.651,3282229.0,5872.16
2024-12-25,764770.0,180.989,3247382.0,6040.04
2025-01-01,719873.0,473.46,3095997.0,5881.63
2025-01-08,652636.0,185.144,3254743.0,5918.25
2025-01-15,641225.0,119.977,3340816.0,5949.91
2025-01-22,677282.0,123.981,3332278.0,6086.37
2025-01-29,784206.0,121.842,3224785.0,6039.31
2025-02-05,805593.0,78.788,3177065.0,6061.48
2025-02-12,828102.0,67.67,3220027.0,6051.97
2025-02-19,790062.0,73.196,3270082.0,6144.15
2025-02-26,681161.0,126.058,3327249.0,5956.06
2025-03-05,548331.0,139.493,3312625.0,5842.63
2025-03-12,512581.0,131.055,3400235.0,5599.3
2025-03-19,435936.0,193.378,3467789.0,5675.29
2025-03-26,360177.0,241.371,3450933.0,5712.2
2025-04-02,313326.0,233.488,3379339.0,5670.97
2025-04-09,306049.0,168.115,3474682.0,5456.9
2025-04-16,422983.0,54.772,3452030.0,5275.7
2025-04-23,606632.0,171.78,3256734.0,5375.86
2025-04-30,595741.0,250.601,3219214.0,5569.06
2025-05-07,583727.0,154.859,3218636.0,5631.28
2025-05-14,575846.0,165.024,3235723.0,5892.58
2025-05-21,503055.0,162.802,3289469.0,5844.61
2025-05-28,467204.0,173.641,3270661.0,5888.55
2025-06-04,378947.0,168.882,3294381.0,5970.81
2025-06-11,332907.0,204.625,3407108.0,6022.24
2025-06-18,337762.0,205.05,3406366.0,5980.87
2025-06-25,364375.0,210.879,3369328.0,6092.16
2025-07-02,359516.0,237.307,3225980.0,6227.42
2025-07-09,319889.0,227.273,3330249.0,6263.26
2025-07-16,296247.0,197.086,3398822.0,6263.7
2025-07-23,323176.0,189.632,3362277.0,6358.91
2025-07-30,370507.0,155.481,3347414.0,6362.9
2025-08-06,421043.0,91.966,3332492.0,6345.06
2025-08-13,504304.0,57.202,3320050.0,6466.58
2025-08-20,519534.0,34.999,3317292.0,6395.78
2025-08-27,589998.0,34.744,3224967.0,6481.4
2025-09-03,597513.0,17.923,3181701.0,6448.26
2025-09-10,672274.0,29.4,3160774.0,6532.04
2025-09-17,756376.0,13.963,3073355.0,6600.35
2025-09-24,804856.0,29.172,3002218.0,6637.97
2025-10-01,805139.0,10.179,2966094.0,6711.2
2025-10-08,807428.0,5.231,2998471.0,6753.72
2025-10-15,809593.0,5.484,3019028.0,6671.06
2025-10-22,908001.0,4.005,2933037.0,6699.4
2025-10-29,957990.0,19.504,2848021.0,6890.59
2025-11-05,940979.0,12.814,2862569.0,6796.29
2025-11-12,953816.0,5.886,2855030.0,6850.92
2025-11-19,941926.0,1.129,2888643.0,6642.16
2025-11-26,903394.0,2.217,2896586.0,6812.61
2025-12-03,937167.0,2.514,2858284.0,6849.72
2025-12-10,,3.211,,6840.51
